2025-02-14 04:40:00 PM,3_yjzzDxP5z8MOcIHimTm$
2025-02-24 05:47:59 PM,06cvYXW9HCJwM$o7fd8QF9
2025-02-24 05:47:59 PM,27A74NKI5D5RuQL2a_K_Jr
2025-02-24 05:47:59 PM,06cvYXW9HCJwM$o7fd8QIt
2025-02-24 05:47:59 PM,06cvYXW9HCJwM$o7fd8QNl
2025-02-24 05:47:59 PM,27A74NKI5D5RuQL2a_K_kI
2025-02-24 05:47:59 PM,27A74NKI5D5RuQL2a_K_hN
2025-02-24 05:47:59 PM,27A74NKI5D5RuQL2a_K_jZ
2025-02-24 05:47:59 PM,06cvYXW9HCJwM$o7fd8QMX
2025-02-24 05:47:59 PM,27A74NKI5D5RuQL2a_K_ce
2025-02-24 05:47:59 PM,27A74NKI5D5RuQL2a_K_GZ
2025-02-24 05:47:59 PM,06cvYXW9HCJwM$o7fd8QC1
2025-02-24 05:47:59 PM,06cvYXW9HCJwM$o7fd8QHf
2025-02-24 05:47:59 PM,06cvYXW9HCJwM$o7fd8QK7
2025-02-24 05:47:59 PM,06cvYXW9HCJwM$o7fd8QJC
2025-02-24 05:47:59 PM,06cvYXW9HCJwM$o7fd8QNp
2025-02-24 05:47:59 PM,06cvYXW9HCJwM$o7fd8QGg
2025-02-24 05:47:59 PM,06cvYXW9HCJwM$o7fd8QCb
2025-02-24 05:47:59 PM,06cvYXW9HCJwM$o7fd8QJl
2025-02-24 05:47:59 PM,06cvYXW9HCJwM$o7fd8QQ8
2025-02-24 05:47:59 PM,27A74NKI5D5RuQL2a_K_ir
2025-02-24 05:47:59 PM,27A74NKI5D5RuQL2a_K_Ik
2025-02-24 05:47:59 PM,27A74NKI5D5RuQL2a_K_ki
2025-02-24 05:47:59 PM,06cvYXW9HCJwM$o7fd8QR2
2025-02-24 05:47:59 PM,06cvYXW9HCJwM$o7fd8QG6
2025-02-24 05:47:59 PM,06cvYXW9HCJwM$o7fd8QDR
2025-02-24 05:47:59 PM,06cvYXW9HCJwM$o7fd8QLI
2025-02-24 05:47:59 PM,27A74NKI5D5RuQL2a_K_GS
2025-02-24 05:47:59 PM,27A74NKI5D5RuQL2a_K_kD
2025-02-24 05:47:59 PM,27A74NKI5D5RuQL2a_K_HA
2025-02-24 05:47:59 PM,06cvYXW9HCJwM$o7fd8QIK
2025-02-24 05:47:59 PM,27A74NKI5D5RuQL2a_K_e7
2025-02-24 05:47:59 PM,27A74NKI5D5RuQL2a_K_Lu
2025-02-24 05:47:59 PM,06cvYXW9HCJwM$o7fd8QH5
2025-02-24 05:47:59 PM,27A74NKI5D5RuQL2a_K_dw
2025-02-24 05:47:59 PM,27A74NKI5D5RuQL2a_K_Ng
2025-02-24 05:47:59 PM,06cvYXW9HCJwM$o7fd8QKd
2025-02-24 05:47:59 PM,06cvYXW9HCJwM$o7fd8QRc
2025-02-24 05:47:59 PM,27A74NKI5D5RuQL2a_K_LJ
2025-02-24 05:47:59 PM,27A74NKI5D5RuQL2a_K_gD
2025-02-24 05:47:59 PM,06cvYXW9HCJwM$o7fd8QNB
2025-02-24 05:47:59 PM,06cvYXW9HCJwM$o7fd8QLE
2025-02-24 05:47:59 PM,27A74NKI5D5RuQL2a_K_cO
2025-02-24 05:47:59 PM,27A74NKI5D5RuQL2a_K_lo
2025-02-24 05:47:59 PM,27A74NKI5D5RuQL2a_K_h_
2025-02-24 05:47:59 PM,06cvYXW9HCJwM$o7fd8QFh
2025-02-24 05:47:59 PM,27A74NKI5D5RuQL2a_K_Hx
2025-02-24 05:47:59 PM,27A74NKI5D5RuQL2a_K_KC
2025-02-24 05:47:59 PM,06cvYXW9HCJwM$o7fd8QQg
2025-02-24 05:47:59 PM,06cvYXW9HCJwM$o7fd8QJm
2025-02-24 05:47:59 PM,27A74NKI5D5RuQL2a_K_IV
2025-02-24 05:47:59 PM,27A74NKI5D5RuQL2a_K_jS
2025-02-24 05:47:59 PM,27A74NKI5D5RuQL2a_K_ek
2025-02-26 03:47:59 PM,273QVP0xjDUO$8O0vNm$q4
2025-02-26 03:47:59 PM,273QVP0xjDUO$8O0vNm$sz
2025-02-26 03:47:59 PM,273QVP0xjDUO$8O0vNm$r$
2025-03-02 10:59:59 AM,05UaSoCO0AWz4QA9YNZlxx
2025-03-02 10:59:59 AM,2kLms2DN99tBirmHolMSOp
2025-03-02 10:59:59 AM,1bhx6nK058MQtyOZ_b55e6
2025-03-02 10:59:59 AM,2LlCXh2If3Buc7YzQviaYG
2025-03-02 10:59:59 AM,0d7cops6jPEuGX9vdDJVxU
2025-03-05 04:44:47 PM,1Mn1rkjTv5yPQjHvVgdOCo
2025-03-05 04:44:47 PM,1Mn1rkjTv5yPQjHvVgdOmg
2025-03-05 11:47:59 AM,3_yjzzDxP5z8MOcIHimTm$
2025-03-06 03:38:23 PM,2NObf80A11o98ceHj02r6k
2025-03-08 01:59:59 PM,0xnlAEjfnCMwUgwJGrVJTi
2025-03-08 01:59:59 PM,0xnlAEjfnCMwUgwJGrVJS0
2025-03-08 01:59:59 PM,2UPOgs3Uj61w2ndubeHz3C
2025-03-08 01:59:59 PM,0xnlAEjfnCMwUgwJGrVJTx
2025-03-08 01:59:59 PM,2UPOgs3Uj61w2ndubeHz3B
2025-03-08 01:59:59 PM,2UPOgs3Uj61w2ndubeHz32
2025-03-08 01:59:59 PM,0xnlAEjfnCMwUgwJGrVJTp
2025-03-08 01:59:59 PM,0xnlAEjfnCMwUgwJGrVJTo
2025-03-08 01:59:59 PM,2UPOgs3Uj61w2ndubeHz3H
2025-03-08 01:59:59 PM,0ZJZ1Fpqj3nRaMupfaKvlW
2025-03-08 01:59:59 PM,0xnlAEjfnCMwUgwJGrVJTl
2025-03-08 01:59:59 PM,0xnlAEjfnCMwUgwJGrVJTr
2025-03-08 01:59:59 PM,1_XQLinHbBph3RbVj3D9SI
2025-03-08 01:59:59 PM,0xnlAEjfnCMwUgwJGrVJTq
2025-03-08 09:35:59 AM,112rsLuMPAMAFgD3lDqmNe
2025-03-10 01:35:59 PM,0vUQ6IpzfAUPy260qV1N4x
2025-03-10 08:59:59 AM,1Cipo20b13Qvzcgzh_2F_3
2025-03-10 08:59:59 AM,0xnlAEjfnCMwUgwJGrVJ5i
2025-03-10 08:59:59 AM,0xnlAEjfnCMwUgwJGrVJ5g
2025-03-10 08:59:59 AM,0xnlAEjfnCMwUgwJGrVJ5j
2025-03-10 08:59:59 AM,0xnlAEjfnCMwUgwJGrVJ5h
2025-03-10 08:59:59 AM,0xnlAEjfnCMwUgwJGrVJ5l
2025-03-11 10:38:23 AM,3yKkraUR56Ywvk1$QKk3oK
2025-03-11 10:38:23 AM,1mFZ2PAifEOh75fEPCtydj
2025-03-11 10:38:23 AM,3Skckbw_vEYe9nlDw9dELo
2025-03-11 10:38:23 AM,1Y9_TWy0LDkgNO4rvTKasP
2025-03-11 10:38:23 AM,0Dr4KqQTvBexnNRIcQjNDR
2025-03-11 10:38:23 AM,0xnlAEjfnCMwUgwJGrVKhm
2025-03-11 10:38:23 AM,3Skckbw_vEYe9nlDw9dELD
2025-03-11 10:38:23 AM,1Y9_TWy0LDkgNO4rvTKx9V
2025-03-11 10:38:23 AM,3p0l3dYzj3XOXg11ODEqqx
2025-03-11 10:38:23 AM,36uAOfifT9au$P1pYcXcwr
2025-03-11 10:38:23 AM,0Dr4KqQTvBexnNRIcQjN2I
2025-03-11 10:38:23 AM,3Skckbw_vEYe9nlDw9dEMl
2025-03-11 10:38:23 AM,3Skckbw_vEYe9nlDw9dEQO
2025-03-11 10:38:23 AM,1Y9_TWy0LDkgNO4rvTKatm
2025-03-11 10:38:23 AM,3yKkraUR56Ywvk1$QKk3oM
2025-03-11 10:38:23 AM,3IkmNP4jn1Y9Ca1OaVU6OY
2025-03-11 10:38:23 AM,2UPOgs3Uj61w2ndubeH_ao
2025-03-11 10:38:23 AM,2yEpWa$qPF5Q6p28FUQ4Js
2025-03-11 10:38:23 AM,1mFZ2PAifEOh75fEPCtydb
2025-03-11 10:38:23 AM,0Dr4KqQTvBexnNRIcQjN2W
2025-03-11 10:38:23 AM,1Y9_TWy0LDkgNO4rvTKxA0
2025-03-11 10:38:23 AM,1vZwnSmED2efzTVtOiRkff
2025-03-11 10:38:23 AM,3Skckbw_vEYe9nlDw9dEPH
2025-03-11 10:38:23 AM,3p0l3dYzj3XOXg11ODEqq_
2025-03-11 10:38:23 AM,0OgnB9DOz0FeO56f4bp5tA
2025-03-11 10:38:23 AM,3gNwjdGeX2NwSg0t5pV9Gf
2025-03-11 10:38:23 AM,1Y9_TWy0LDkgNO4rvTKatK
2025-03-11 10:38:23 AM,2bKddMtUnBovVj6tqTpO5w
2025-03-11 10:38:23 AM,3gNwjdGeX2NwSg0t5pV9Gr
2025-03-11 10:38:23 AM,0P3t1ttqHD4fROPLguRd4y
2025-03-11 10:38:23 AM,1mFZ2PAifEOh75fEPCtydi
2025-03-11 10:38:23 AM,1vZwnSmED2efzTVtOiRkgR
2025-03-11 10:38:23 AM,1vZwnSmED2efzTVtOiRkis
2025-03-11 10:38:23 AM,0WcT69XeNpe2UpESPaPhpo
2025-03-11 10:38:23 AM,36uAOfifT9au$P1pYcXcwe
2025-03-11 10:38:23 AM,2UPOgs3Uj61w2ndubeHwco
2025-03-11 10:38:23 AM,1veI_kva16Ff_tFQcwnMaP
2025-03-11 10:38:23 AM,3io2BPcr1DawS11u7nw8XK
2025-03-11 10:38:23 AM,3gNwjdGeX2NwSg0t5pV9J2
2025-03-11 10:38:23 AM,2yEpWa$qPF5Q6p28FUQ4Nw
2025-03-11 10:38:23 AM,1mFZ2PAifEOh75fEPCtyda
2025-03-11 10:38:23 AM,0OgnB9DOz0FeO56f4bp5t9
2025-03-11 10:38:23 AM,1vZwnSmED2efzTVtOiRki0
2025-03-11 10:38:23 AM,3IkmNP4jn1Y9Ca1OaVU6Gs
2025-03-11 10:38:23 AM,0Dr4KqQTvBexnNRIcQjN2K
2025-03-11 10:38:23 AM,0nhWTPxdv8LOt2JcR52mDx
2025-03-11 10:38:23 AM,3EEyGmRK14vRUg9L_SNWSO
2025-03-11 10:38:23 AM,3EEyGmRK14vRUg9L_SNWIZ
2025-03-11 10:38:23 AM,1Y9_TWy0LDkgNO4rvTKato
2025-03-11 10:38:23 AM,3gNwjdGeX2NwSg0t5pV9JF
2025-03-11 10:38:23 AM,1Y9_TWy0LDkgNO4rvTKatp
2025-03-11 10:38:23 AM,0OgnB9DOz0FeO56f4bp5tU
2025-03-11 10:38:23 AM,2UPOgs3Uj61w2ndubeH_an
2025-03-11 10:38:23 AM,0P3t1ttqHD4fROPLguRd4z
2025-03-11 10:38:23 AM,3Skckbw_vEYe9nlDw9dELE
2025-03-11 10:38:23 AM,3gNwjdGeX2NwSg0t5pV9J6
2025-03-11 10:38:23 AM,2CgQj7B7yBszAYnL05Oofv
2025-03-11 10:38:23 AM,1Y9_TWy0LDkgNO4rvTKx9U
2025-03-11 10:38:23 AM,0OgnB9DOz0FeO56f4bp5tB
2025-03-11 10:38:23 AM,1Y9_TWy0LDkgNO4rvTKatL
2025-03-11 10:38:23 AM,0OgnB9DOz0FeO56f4bp5t0
2025-03-11 10:38:23 AM,3p0l3dYzj3XOXg11ODEqq$
2025-03-11 10:38:23 AM,3Skckbw_vEYe9nlDw9dEMe
2025-03-11 10:38:23 AM,3yKkraUR56Ywvk1$QKk3o2
2025-03-11 10:38:23 AM,3yKkraUR56Ywvk1$QKk3oS
2025-03-11 10:38:23 AM,3WhqeliJJ1TR8EudIpdXWy
2025-03-11 10:38:23 AM,0Dr4KqQTvBexnNRIcQjN2h
2025-03-11 10:38:23 AM,0Dr4KqQTvBexnNRIcQjNDa
2025-03-11 10:38:23 AM,1vZwnSmED2efzTVtOiRkga
2025-03-11 10:38:23 AM,36uAOfifT9au$P1pYcXcws
2025-03-11 10:38:23 AM,0P3t1ttqHD4fROPLguRd4o
2025-03-11 10:38:23 AM,1veI_kva16Ff_tFQcwnMbe
2025-03-11 10:38:23 AM,0OgnB9DOz0FeO56f4bp5rV
2025-03-11 10:38:23 AM,0OgnB9DOz0FeO56f4bp5tQ
2025-03-11 10:38:23 AM,0msajVWVLDWAXeMAdt$8qX
2025-03-11 10:38:23 AM,0OgnB9DOz0FeO56f4bp5to
2025-03-11 10:38:23 AM,3EEyGmRK14vRUg9L_SNWSI
2025-03-11 10:38:23 AM,3lzpVB5ZP6_98SzQixdFVu
2025-03-11 10:38:23 AM,1Y9_TWy0LDkgNO4rvTKasb
2025-03-11 10:38:23 AM,3Skckbw_vEYe9nlDw9dEQP
2025-03-11 10:38:23 AM,3yKkraUR56Ywvk1$QKk3pr
2025-03-11 10:38:23 AM,2yEpWa$qPF5Q6p28FUQ4Jt
2025-03-11 10:38:23 AM,0Dr4KqQTvBexnNRIcQjN2N
2025-03-11 10:38:23 AM,3Skckbw_vEYe9nlDw9dELn
2025-03-11 10:38:23 AM,0OgnB9DOz0FeO56f4bp5tV
2025-03-11 10:38:23 AM,13h8dlTCf3PPAOso3lXZje
2025-03-11 10:38:23 AM,1vZwnSmED2efzTVtOiRki7
2025-03-11 10:38:23 AM,1vZwnSmED2efzTVtOiRkek
2025-03-11 10:38:23 AM,0P3t1ttqHD4fROPLguRd4$
2025-03-11 10:38:23 AM,1vZwnSmED2efzTVtOiRkgb
2025-03-11 10:38:23 AM,3gNwjdGeX2NwSg0t5pV9Gh
2025-03-11 10:38:23 AM,3Skckbw_vEYe9nlDw9dELt
2025-03-11 10:38:23 AM,3Skckbw_vEYe9nlDw9dELs
2025-03-11 10:38:23 AM,3Skckbw_vEYe9nlDw9dEMh
2025-03-11 10:38:23 AM,0nhWTPxdv8LOt2JcR52mD5
2025-03-11 10:38:23 AM,2yEpWa$qPF5Q6p28FUQ4Jq
2025-03-11 10:38:23 AM,3p0l3dYzj3XOXg11ODEqWA
2025-03-11 10:38:23 AM,1mFZ2PAifEOh75fEPCtydc
2025-03-11 10:38:23 AM,3Skckbw_vEYe9nlDw9dDZ9
2025-03-11 10:38:23 AM,3yKkraUR56Ywvk1$QKk3pq
2025-03-11 10:38:23 AM,3Skckbw_vEYe9nlDw9dDaU
2025-03-11 10:38:23 AM,3Skckbw_vEYe9nlDw9dELF
2025-03-11 10:38:23 AM,1Y9_TWy0LDkgNO4rvTKx9T
2025-03-11 10:38:23 AM,0OgnB9DOz0FeO56f4bp5t7
2025-03-11 10:38:23 AM,0P3t1ttqHD4fROPLguRd4v
2025-03-11 10:38:23 AM,2yEpWa$qPF5Q6p28FUQ4Jn
2025-03-11 10:38:23 AM,1mFZ2PAifEOh75fEPCtyde
2025-03-11 10:38:23 AM,1vZwnSmED2efzTVtOiRkei
2025-03-11 10:38:23 AM,1Y9_TWy0LDkgNO4rvTKatG
2025-03-11 10:38:23 AM,3Skckbw_vEYe9nlDw9dELq
2025-03-11 10:38:23 AM,3yKkraUR56Ywvk1$QKk3ps
2025-03-11 10:38:23 AM,3gNwjdGeX2NwSg0t5pV9Gg
2025-03-11 10:38:23 AM,1veI_kva16Ff_tFQcwnMbb
2025-03-11 10:38:23 AM,1mFZ2PAifEOh75fEPCtydZ
2025-03-11 10:38:23 AM,1vZwnSmED2efzTVtOiRkin
2025-03-11 10:38:23 AM,3gNwjdGeX2NwSg0t5pV9JC
2025-03-11 10:38:23 AM,1mFZ2PAifEOh75fEPCtydf
2025-03-11 10:38:23 AM,1vZwnSmED2efzTVtOiRkej
2025-03-11 10:38:23 AM,1vZwnSmED2efzTVtOiRkeZ
2025-03-11 10:38:23 AM,15La7XbdP58wPDJ4gto7w1
2025-03-11 10:38:23 AM,3yKkraUR56Ywvk1$QKk3o1
2025-03-11 10:38:23 AM,3Skckbw_vEYe9nlDw9dELp
2025-03-11 10:38:23 AM,1vZwnSmED2efzTVtOiRkit
2025-03-11 10:38:23 AM,1vZwnSmED2efzTVtOiRkfh
2025-03-11 10:38:23 AM,1ZbmME6mjDe87bCp$n49ec
2025-03-11 10:38:23 AM,3gNwjdGeX2NwSg0t5pV9J1
2025-03-11 10:38:23 AM,3yKkraUR56Ywvk1$QKk3oN
2025-03-11 10:38:23 AM,3EEyGmRK14vRUg9L_SNWS5
2025-03-11 10:38:23 AM,1vZwnSmED2efzTVtOiRki6
2025-03-11 10:38:23 AM,3gNwjdGeX2NwSg0t5pV9Gl
2025-03-11 10:38:23 AM,1Y9_TWy0LDkgNO4rvTKx8F
2025-03-11 10:38:23 AM,1mFZ2PAifEOh75fEPCtydJ
2025-03-11 10:38:23 AM,3EEyGmRK14vRUg9L_SNWSD
2025-03-11 10:38:23 AM,2bKddMtUnBovVj6tqTpO5u
2025-03-11 10:38:23 AM,3Skckbw_vEYe9nlDw9dEPG
2025-03-11 10:38:23 AM,3p0l3dYzj3XOXg11ODEqW9
2025-03-11 10:38:23 AM,1vZwnSmED2efzTVtOiRkfg
2025-03-11 10:38:23 AM,3gNwjdGeX2NwSg0t5pV9J3
2025-03-11 10:38:23 AM,3gNwjdGeX2NwSg0t5pV9J7
2025-03-11 10:38:23 AM,3gNwjdGeX2NwSg0t5pV9JE
2025-03-11 10:38:23 AM,3qzwNjMhL0ZQlq88h_FLdz
2025-03-11 10:38:23 AM,3Skckbw_vEYe9nlDw9dEMk
2025-03-11 10:38:23 AM,2bKddMtUnBovVj6tqTpO5x
2025-03-11 10:38:23 AM,3Skckbw_vEYe9nlDw9dEPI
2025-03-11 10:38:23 AM,1Y9_TWy0LDkgNO4rvTKatJ
2025-03-11 10:38:23 AM,2yEpWa$qPF5Q6p28FUQ4Nr
2025-03-11 10:38:23 AM,3EEyGmRK14vRUg9L_SNWS2
2025-03-11 10:38:23 AM,1vZwnSmED2efzTVtOiRkfq
2025-03-11 10:38:23 AM,1Y9_TWy0LDkgNO4rvTKasK
2025-03-11 10:38:23 AM,0OgnB9DOz0FeO56f4bp5r1
2025-03-11 10:38:23 AM,3p0l3dYzj3XOXg11ODEqqz
2025-03-11 10:38:23 AM,1vZwnSmED2efzTVtOiRkim
2025-03-11 10:38:23 AM,3gNwjdGeX2NwSg0t5pV9Gi
2025-03-11 10:38:23 AM,0OgnB9DOz0FeO56f4bp5rG
2025-03-11 10:38:23 AM,1mFZ2PAifEOh75fEPCtydk
2025-03-11 10:38:23 AM,0Dr4KqQTvBexnNRIcQjN2M
2025-03-11 10:38:23 AM,105FLow9fCFP62f6Zz0p49
2025-03-11 10:38:23 AM,3gNwjdGeX2NwSg0t5pV9JD
2025-03-11 10:38:23 AM,2UPOgs3Uj61w2ndubeHwzA
2025-03-11 10:38:23 AM,1mFZ2PAifEOh75fEPCtydd
2025-03-11 10:38:23 AM,1veI_kva16Ff_tFQcwnMaU
2025-03-11 10:38:23 AM,1Y9_TWy0LDkgNO4rvTKx8E
2025-03-11 10:38:23 AM,1abZXJ83z47v$XYlMs$oRn
2025-03-11 10:38:23 AM,1abZXJ83z47v$XYlMs$oRk
2025-03-11 10:38:23 AM,0OgnB9DOz0FeO56f4bp5rK
2025-03-11 10:38:23 AM,3gNwjdGeX2NwSg0t5pV9J4
2025-03-11 10:38:23 AM,0Dr4KqQTvBexnNRIcQjN2i
2025-03-11 10:38:23 AM,0P3t1ttqHD4fROPLguRd4_
2025-03-11 10:38:23 AM,36uAOfifT9au$P1pYcXcwj
2025-03-11 10:38:23 AM,1Y9_TWy0LDkgNO4rvTKatH
2025-03-11 10:38:23 AM,2xNXWuKoD0y9CIUsZsuo7H
2025-03-11 10:38:23 AM,08FS4eSs9AHxaOYTzIioku
2025-03-11 10:38:23 AM,1vZwnSmED2efzTVtOiRkgQ
2025-03-11 10:38:23 AM,0P3t1ttqHD4fROPLguRd4p
2025-03-11 10:38:23 AM,3Skckbw_vEYe9nlDw9dEPJ
2025-03-11 10:38:23 AM,3Skckbw_vEYe9nlDw9dEMi
2025-03-11 10:38:23 AM,0nhWTPxdv8LOt2JcR52mDw
2025-03-11 10:38:23 AM,36uAOfifT9au$P1pYcXcwg
2025-03-11 10:38:23 AM,0OgnB9DOz0FeO56f4bp5tn
2025-03-11 10:38:23 AM,0OgnB9DOz0FeO56f4bp5rT
2025-03-11 10:38:23 AM,3EEyGmRK14vRUg9L_SNWSR
2025-03-11 10:38:23 AM,1eJ6fIMLLAHgjrQIpsSpx2
2025-03-11 10:38:23 AM,3gNwjdGeX2NwSg0t5pV9Gj
2025-03-11 10:38:23 AM,3yKkraUR56Ywvk1$QKk3o3
2025-03-11 10:38:23 AM,0Dr4KqQTvBexnNRIcQjN28
2025-03-11 10:38:23 AM,3p0l3dYzj3XOXg11ODEqW8
2025-03-11 10:38:23 AM,2UPOgs3Uj61w2ndubeH_am
2025-03-11 10:38:23 AM,0D6HT7rsL4zvMr456USdSP
2025-03-11 10:38:23 AM,3yKkraUR56Ywvk1$QKk3oL
2025-03-11 10:38:23 AM,1mFZ2PAifEOh75fEPCtydl
2025-03-11 10:38:23 AM,0OgnB9DOz0FeO56f4bp5rL
2025-03-11 10:38:23 AM,105FLow9fCFP62f6Zz0p35
2025-03-11 10:38:23 AM,0Dr4KqQTvBexnNRIcQjN2l
2025-03-11 10:38:23 AM,3p0l3dYzj3XOXg11ODEqWB
2025-03-11 10:38:23 AM,0nhWTPxdv8LOt2JcR52mD4
2025-03-11 10:38:23 AM,3gNwjdGeX2NwSg0t5pV9J0
2025-03-11 10:38:23 AM,2UPOgs3Uj61w2ndubeHwjo
2025-03-11 10:38:23 AM,0OgnB9DOz0FeO56f4bp5r7
2025-03-11 10:38:23 AM,3gNwjdGeX2NwSg0t5pV9Gk
2025-03-11 10:38:23 AM,3gNwjdGeX2NwSg0t5pV9Ge
2025-03-11 10:38:23 AM,1mFZ2PAifEOh75fEPCtydh
2025-03-11 10:38:23 AM,1veI_kva16Ff_tFQcwnMba
2025-03-11 10:38:23 AM,0nhWTPxdv8LOt2JcR52mD6
2025-03-11 10:38:23 AM,3EEyGmRK14vRUg9L_SNWIW
2025-03-11 10:38:23 AM,3io2BPcr1DawS11u7nw8Xj
2025-03-11 10:38:23 AM,3p0l3dYzj3XOXg11ODEqqw
2025-03-11 10:38:23 AM,0OgnB9DOz0FeO56f4bp5r8
2025-03-11 10:38:23 AM,1vZwnSmED2efzTVtOiRki1
2025-03-11 10:38:23 AM,1veI_kva16Ff_tFQcwnMaC
2025-03-11 10:38:23 AM,1veI_kva16Ff_tFQcwnMaE
2025-03-11 10:38:23 AM,0OgnB9DOz0FeO56f4bp5r0
2025-03-11 10:38:23 AM,2UPOgs3Uj61w2ndubeHww3
2025-03-12 03:59:59 PM,1jB6OIiNj7ahZeGiSWsIXB
2025-03-12 03:59:59 PM,1jB6OIiNj7ahZeGiSWsIYi
2025-03-12 03:59:59 PM,1jB6OIiNj7ahZeGiSWsIaA
2025-03-12 03:59:59 PM,1jB6OIiNj7ahZeGiSWsIYj
2025-03-12 03:59:59 PM,1jB6OIiNj7ahZeGiSWsIaQ
2025-03-12 04:43:59 PM,3GPcuBMn565Ovvkl3dSb8w
2025-03-12 04:43:59 PM,3y7DFedLf4HP1A69DkH0KA
2025-03-12 04:43:59 PM,3BCGA5_9f0xf5hngxzlKkb
2025-03-12 04:43:59 PM,3GPcuBMn565Ovvkl3dSb8z
2025-03-12 04:43:59 PM,3gNwjdGeX2NwSg0t5pVAY8
2025-03-12 04:43:59 PM,3qRBnau0HPW9AKCFlkjFN_
2025-03-12 04:43:59 PM,105FLow9fCFP62f6Zz0o1Z
2025-03-12 04:43:59 PM,105FLow9fCFP62f6Zz0o2n
2025-03-12 04:43:59 PM,3y7DFedLf4HP1A69DkH081
2025-03-12 04:43:59 PM,3K6lFgr3p7OqYDo8E4m687
2025-03-12 04:43:59 PM,2_wDpNsgn2B9qdCrm7bOKT
2025-03-12 04:43:59 PM,0Dr4KqQTvBexnNRIcQjNAg
2025-03-12 04:43:59 PM,3GPcuBMn565Ovvkl3dSb8_
2025-03-12 04:43:59 PM,10FF8RKlTycTffxQ3Zhwyw
2025-03-12 04:43:59 PM,32$z5664h2eymA3tRaGJa_
2025-03-12 04:43:59 PM,0QxtAwSlzEww7JTSMbiMMi
2025-03-12 04:43:59 PM,2GPKhu6f4B$A4bTLUY1JCT
2025-03-12 04:43:59 PM,105FLow9fCFP62f6Zz0ohm
2025-03-12 04:43:59 PM,1Hbd4Ijnq3yyD8GU88zZXr
2025-03-12 04:43:59 PM,2OtDkLtR6z0KO1uGzlbbph
2025-03-12 04:43:59 PM,1NZayhNoHDRaur$wj$ToZ$
2025-03-12 04:43:59 PM,3BCGA5_9f0xf5hngxzlKWS
2025-03-12 04:43:59 PM,1Ji7gC$P10lOnWYMN0_Aj6
2025-03-12 04:43:59 PM,3GPcuBMn565Ovvkl3dSb8y
2025-03-12 10:59:59 AM,3IkmNP4jn1Y9Ca1OaVU6YQ
2025-03-13 04:13:41 PM,2yqpbjIB11dQqP0MOOn2N_
2025-03-13 04:13:41 PM,27U_7FOyL6jKdLhcTDu9VR
2025-03-13 04:13:41 PM,3IijF39W13JQyO_cotL$bA
2025-03-13 08:47:59 AM,0pS34jZoj4z9Ku4ND8LE1Z
2025-03-13 11:51:59 AM,2nbIS3$E5F090os$3Pe1n2
2025-03-13 11:51:59 AM,2nbIS3$E5F090os$3Pe1$l
2025-03-13 11:51:59 AM,2nbIS3$E5F090os$3Pe1n6
2025-03-13 11:51:59 AM,2nbIS3$E5F090os$3Pe1xF
2025-03-13 11:51:59 AM,2nbIS3$E5F090os$3Pe1uz
2025-03-13 11:51:59 AM,2nbIS3$E5F090os$3Pe1uu
2025-03-13 11:51:59 AM,2nbIS3$E5F090os$3Pe1n7
2025-03-13 11:51:59 AM,2nbIS3$E5F090os$3Pe1ux
2025-03-13 11:51:59 AM,2nbIS3$E5F090os$3Pe1xD
2025-03-13 11:51:59 AM,2nbIS3$E5F090os$3Pe1xC
2025-03-13 11:51:59 AM,2nbIS3$E5F090os$3Pe1x8
2025-03-13 11:51:59 AM,2nbIS3$E5F090os$3Pe1x0
2025-03-13 11:51:59 AM,2nbIS3$E5F090os$3Pe1n3
2025-03-13 11:51:59 AM,2nbIS3$E5F090os$3Pe1uw
2025-03-13 11:51:59 AM,2nbIS3$E5F090os$3Pe1um
2025-03-13 11:51:59 AM,2nbIS3$E5F090os$3Pe0AO
2025-03-13 11:51:59 AM,2nbIS3$E5F090os$3Pe1uv
2025-03-13 11:51:59 AM,2nbIS3$E5F090os$3Pe1$i
2025-03-13 11:51:59 AM,2nbIS3$E5F090os$3Pe1x9
2025-03-13 11:51:59 AM,2nbIS3$E5F090os$3Pe1n5
2025-03-13 11:51:59 AM,2nbIS3$E5F090os$3Pe1xB
2025-03-13 11:51:59 AM,2nbIS3$E5F090os$3Pe1xE
2025-03-13 11:51:59 AM,2nbIS3$E5F090os$3Pe1uc
2025-03-13 11:51:59 AM,2nbIS3$E5F090os$3Pe1x3
2025-03-13 11:51:59 AM,2nbIS3$E5F090os$3Pe1xA
2025-03-13 11:51:59 AM,2nbIS3$E5F090os$3Pe1un
2025-03-13 11:51:59 AM,2nbIS3$E5F090os$3Pe1$X
2025-03-13 11:51:59 AM,2nbIS3$E5F090os$3Pe1u_
2025-03-13 11:51:59 AM,2nbIS3$E5F090os$3Pe1n4
2025-03-13 11:51:59 AM,2nbIS3$E5F090os$3Pe1$k
2025-03-13 11:51:59 AM,2nbIS3$E5F090os$3Pe1uy
2025-03-13 11:51:59 AM,2nbIS3$E5F090os$3Pe1x1
2025-03-13 11:51:59 AM,2nbIS3$E5F090os$3Pe1u$
2025-03-15 02:59:59 PM,1rL4uGUub1NxAm6W2k9iu4
2025-03-15 05:11:59 PM,0qSQkpCXb87v2vBB2c4p90
2025-03-15 05:11:59 PM,0qSQkpCXb87v2vBB2c4p93
2025-03-15 05:11:59 PM,1JS5w1lWz8_wirEntH74ZL
2025-03-15 05:11:59 PM,1JS5w1lWz8_wirEntH74Yh
2025-03-15 05:11:59 PM,2hWQ8vlFj8CRT3BgsrcHfI
2025-03-15 05:11:59 PM,1Mn1rkjTv5yPQjHvVgdPWc
2025-03-15 05:11:59 PM,1SajAt$wP0tffKY9Z9PT32
2025-03-15 05:11:59 PM,1SajAt$wP0tffKY9Z9PTz$
2025-03-15 05:11:59 PM,3yXPbBJy98OB_0zlm$OkM4
2025-03-15 05:11:59 PM,2hWQ8vlFj8CRT3BgsrcHf7
2025-03-16 10:59:59 AM,09LkHWS095i9vNjoATFrQV
2025-03-16 10:59:59 AM,3GPcuBMn565Ovvkl3dSb8u
2025-03-16 10:59:59 AM,2QHBmtLfj57fSksTlxAm2H
2025-03-16 10:59:59 AM,2skzqssiX0_OXIED59HReT
2025-03-16 10:59:59 AM,3yXPbBJy98OB_0zlm$OlZZ
2025-03-16 10:59:59 AM,3Upo0j1xjEaOA6c9Kc4XZq
2025-03-16 10:59:59 AM,2skzqssiX0_OXIED59HRiM
2025-03-16 10:59:59 AM,3GPcuBMn565Ovvkl3dSb8q
2025-03-16 10:59:59 AM,1JS5w1lWz8_wirEntH74ih
2025-03-16 10:59:59 AM,3JpkhehCKF6BCAjkblksbt
2025-03-17 09:03:59 AM,3iL9YRysv0yvUYWTq8ES24
2025-03-17 09:03:59 AM,0MuOmDv4P2a9CG1Q4ZJafU
2025-03-17 09:03:59 AM,1WvpUNarT8hRXvG_3m5Tfz
2025-03-17 09:03:59 AM,3fvMU3G7f6vh4YhYBjVnJ_
2025-03-17 09:03:59 AM,1nLtBpuqr2YQVEMf65R$7H
2025-03-17 09:03:59 AM,0MuOmDv4P2a9CG1Q4ZJdNd
2025-03-17 09:03:59 AM,31RiLHnU53dwKLDAkqoGuX
2025-03-17 09:03:59 AM,0MuOmDv4P2a9CG1Q4ZJajQ
2025-03-17 09:03:59 AM,3q05zMwbb8Zx$v64KN1L3y
2025-03-17 09:03:59 AM,1WvpUNarT8hRXvG_3m5Tfy
2025-03-17 09:03:59 AM,0MuOmDv4P2a9CG1Q4ZJdLP
2025-03-17 09:03:59 AM,1nLtBpuqr2YQVEMf65R$4h
2025-03-17 09:03:59 AM,0MuOmDv4P2a9CG1Q4ZJdK6
2025-03-17 09:03:59 AM,0MuOmDv4P2a9CG1Q4ZJdNl
2025-03-17 09:03:59 AM,0MuOmDv4P2a9CG1Q4ZJdOk
2025-03-17 09:03:59 AM,0MuOmDv4P2a9CG1Q4ZJaj2
2025-03-17 09:03:59 AM,3xBzVaboPFPeTi9DtWYMXT
2025-03-17 09:03:59 AM,1nLtBpuqr2YQVEMf65R$7l
2025-03-17 09:13:41 AM,1c17eDz2b7Ge0BvLWmu8Gc
2025-03-17 09:13:41 AM,1KC74$8Q17mgYcbnzOo5kF
2025-03-17 09:13:41 AM,3kvnJq3SzDfAZX6PajRiIL
2025-03-17 09:13:41 AM,1KC74$8Q17mgYcbnzOo5kJ
2025-03-17 09:13:41 AM,3kvnJq3SzDfAZX6PajRiBP
2025-03-17 09:13:41 AM,0pZfOwnkj02fUH0D1sa0RJ
2025-03-17 09:13:41 AM,0zDIkX$mj5AwoEG4Q_Kdv0
2025-03-17 09:13:41 AM,3kvnJq3SzDfAZX6PajRiH9
2025-03-17 09:13:41 AM,3kvnJq3SzDfAZX6PajRiJi
2025-03-17 09:13:41 AM,3HYQ3FMxHCpAwy6jHoos_V
2025-03-17 09:18:23 AM,3_yjzzDxP5z8MOcIHimTm$
2025-03-20 10:39:59 AM,3LV21RCoT4dBpvMa0hpTPH
2025-03-20 10:39:59 AM,3LV21RCoT4dBpvMa0hpTO$
2025-03-20 10:39:59 AM,3lRVW2h$91KBhcBdxMjvdr
2025-03-20 10:39:59 AM,3Dm1vQ1Rn6PA7N87BPLuzb
2025-03-20 10:39:59 AM,1anajjwgbBBh6J22LIMKOO
2025-03-20 10:39:59 AM,3Dm1vQ1Rn6PA7N87BPLuue
2025-03-20 10:39:59 AM,3Dm1vQ1Rn6PA7N87BPLucc
2025-03-20 10:39:59 AM,3LV21RCoT4dBpvMa0hpTUv
2025-03-20 10:59:59 AM,3bu0SSDn9CSBAlW9UBeH9H
2025-03-23 10:39:59 AM,0QN4zkbWdv_SyqRQ7Xxou0
2025-03-23 10:39:59 AM,1A9iGOlKR22QgLkj$5qphG
2025-03-23 10:39:59 AM,3bu0SSDn9CSBAlW9UBeIPT
2025-03-23 10:39:59 AM,214oDnilb0igE3AwMojKQC
2025-03-23 10:39:59 AM,3bu0SSDn9CSBAlW9UBeI$D
2025-03-23 10:39:59 AM,214oDnilb0igE3AwMojKQE
2025-03-23 10:39:59 AM,3bu0SSDn9CSBAlW9UBeIfp
2025-03-23 10:39:59 AM,3I48Gy$O14YhcUmiNhlmEM
2025-03-23 10:39:59 AM,35OyVXYz1AShJ0KrcB6LH8
2025-03-23 10:39:59 AM,214oDnilb0igE3AwMojKet
2025-03-23 10:39:59 AM,35OyVXYz1AShJ0KrcB6LUs
2025-03-23 10:39:59 AM,3B$ZfJ7ub3UAI$EZzgyMwE
2025-03-23 10:39:59 AM,3_3IYGDIfAWeFQqmCXYh05
2025-03-23 10:39:59 AM,214oDnilb0igE3AwMojKUX
2025-03-23 10:39:59 AM,3bu0SSDn9CSBAlW9UBeILi
2025-03-23 10:39:59 AM,3_3IYGDIfAWeFQqmCXYhtK
2025-03-23 10:39:59 AM,3e$k_dqHn7IATvPgvrGKTt
2025-03-23 10:39:59 AM,3bu0SSDn9CSBAlW9UBeILj
2025-03-23 10:39:59 AM,3FNVTmKevF1PcjgOTSW$w6
2025-03-23 10:39:59 AM,3F$sDflFrFieAiWLldNnYL
2025-03-23 10:39:59 AM,1r4Xzqpob6Gv3dAB6WNGmw
2025-03-23 10:39:59 AM,214oDnilb0igE3AwMojKjP
2025-03-23 10:39:59 AM,214oDnilb0igE3AwMojKUk
2025-03-23 10:39:59 AM,1r4Xzqpob6Gv3dAB6WNGga
2025-03-23 10:39:59 AM,1I5iJNJ_9CIOswzbwaww$0
2025-03-23 10:39:59 AM,3oXxr9jpz3qwMqJDjyauV5
2025-03-23 10:39:59 AM,214oDnilb0igE3AwMojKVJ
2025-03-23 10:39:59 AM,3bu0SSDn9CSBAlW9UBeIek
2025-03-23 10:39:59 AM,35OyVXYz1AShJ0KrcB6LUt
2025-03-23 10:39:59 AM,1I5iJNJ_9CIOswzbwawwze
2025-03-23 10:39:59 AM,3I48Gy$O14YhcUmiNhlmEj
2025-03-23 10:39:59 AM,0VC15_AKLFLBsQivNxUaze
2025-03-23 10:39:59 AM,3bu0SSDn9CSBAlW9UBeIPQ
2025-03-23 10:39:59 AM,214oDnilb0igE3AwMojKUW
2025-03-23 10:39:59 AM,3bu0SSDn9CSBAlW9UBeIdH
2025-03-23 10:39:59 AM,0Twuv0k_f4X9HUV9rayLFi
2025-03-23 10:39:59 AM,3bu0SSDn9CSBAlW9UBeIU8
2025-03-23 10:39:59 AM,3F$sDflFrFieAiWLldNnYU
2025-03-23 10:39:59 AM,3FNVTmKevF1PcjgOTSW$qp
2025-03-23 10:39:59 AM,35OyVXYz1AShJ0KrcB6LUm
2025-03-23 10:39:59 AM,11Tpw8rxf57uA2RKvCR5wE
2025-03-23 10:39:59 AM,214oDnilb0igE3AwMojKQD
2025-03-23 10:39:59 AM,3_3IYGDIfAWeFQqmCXYhBb
2025-03-23 10:39:59 AM,214oDnilb0igE3AwMojKT$
2025-03-23 10:39:59 AM,3bu0SSDn9CSBAlW9UBeIYo
2025-03-23 10:39:59 AM,3bu0SSDn9CSBAlW9UBeIGL
2025-03-23 10:39:59 AM,3bu0SSDn9CSBAlW9UBeIUB
2025-03-23 10:39:59 AM,0iN_hw0zXACv$JbH5unyLg
2025-03-23 10:39:59 AM,3bu0SSDn9CSBAlW9UBeI2M
2025-03-23 10:39:59 AM,0VC15_AKLFLBsQivNxUayE
2025-03-23 10:39:59 AM,2$W_cNJXjFew7Fc1vc4iuC
2025-03-23 10:39:59 AM,3_3IYGDIfAWeFQqmCXYhmT
2025-03-23 10:39:59 AM,11Tpw8rxf57uA2RKvCR5gw
2025-03-23 10:39:59 AM,214oDnilb0igE3AwMojKQF
2025-03-23 10:39:59 AM,0VC15_AKLFLBsQivNxUbFF
2025-03-28 04:59:59 PM,13h8dlTCf3PPAOso3lXYdF
2025-03-28 04:59:59 PM,3BLifK7iPEjgxPBVn0ILTb
2025-03-28 04:59:59 PM,3BLifK7iPEjgxPBVn0ILTi
2025-03-28 04:59:59 PM,3BLifK7iPEjgxPBVn0ILTY
2025-03-28 04:59:59 PM,3vkwKCvOb19eaeBzMSCqQj
2025-03-28 04:59:59 PM,3BLifK7iPEjgxPBVn0ILTf
2025-03-28 08:59:59 AM,3tDp_9tbTBw8ids$Uv4nE7
2025-03-28 08:59:59 AM,0VTmJq$T57$h1swiZdiSbY
2025-03-30 05:59:59 PM,2JcSnkb4D1CQTJVwUG5wjr
2025-03-30 05:59:59 PM,1PYZLWrvfFVxovSTHyOt0O
2025-03-30 05:59:59 PM,2JcSnkb4D1CQTJVwUG5wgW
2025-03-30 05:59:59 PM,2JcSnkb4D1CQTJVwUG5wXY
2025-03-30 05:59:59 PM,2JcSnkb4D1CQTJVwUG5whO
2025-03-30 05:59:59 PM,2JcSnkb4D1CQTJVwUG5wid
2025-03-30 05:59:59 PM,1PYZLWrvfFVxovSTHyOtUy
2025-03-30 05:59:59 PM,1PYZLWrvfFVxovSTHyOt2c
2025-04-05 10:19:59 AM,1L_aiYx6vAoubdgwXaRY1X
2025-04-05 10:19:59 AM,3iL9YRysv0yvUYWTq8ESQf
2025-04-05 10:19:59 AM,0hka00aZR$ILly2BQlfnOb
2025-04-05 10:19:59 AM,2_wDpNsgn2B9qdCrm7bOKY
2025-04-05 10:19:59 AM,1m676NgwXB_Qh3KPmFdiZh
2025-04-05 10:19:59 AM,1h8HQNPQX4KQBxhBjdgf75
2025-04-05 10:19:59 AM,1ZTTroTaT0Feleo$aeaYIB
2025-04-05 10:19:59 AM,3fvMU3G7f6vh4YhYBjVoa$
2025-04-05 10:19:59 AM,1nLtBpuqr2YQVEMf65R$6$
2025-04-05 10:19:59 AM,31RiLHnU53dwKLDAkqoGaC
2025-04-05 10:19:59 AM,1C69UG_TgjtfOaqyHBVwfG
2025-04-05 10:19:59 AM,37HCQOdFfF4BrDmx9j4hSh
2025-04-05 10:19:59 AM,0eUx5kA4fFRQc874ZBTwtL
2025-04-05 10:19:59 AM,3OjwfP7hn488NMoXiOBz8Y
2025-04-05 10:19:59 AM,2ZmO8tRXvAnB6gc7VcQ5T3
2025-04-05 10:19:59 AM,37HCQOdFfF4BrDmx9j4hS_
2025-04-05 10:19:59 AM,2ZmO8tRXvAnB6gc7VcQ57D
2025-04-05 10:19:59 AM,3iL9YRysv0yvUYWTq8ES$e
2025-04-05 10:19:59 AM,1Iiofufwn9kfDRKfZDzDiB
2025-04-05 10:19:59 AM,2ZmO8tRXvAnB6gc7VcQ53r
2025-04-05 10:19:59 AM,1COB$aQVaBlEwdT7AT7Z7b
2025-04-05 10:19:59 AM,3iL9YRysv0yvUYWTq8ESQX
2025-04-05 10:19:59 AM,1jBQU7MGhPU1Ug3F2Y8hwx
2025-04-05 10:19:59 AM,0nGC5FWcTBkAqbOsbVYTRq
2025-04-05 10:19:59 AM,16mYAqEkj8uecFJ29bs4Gn
2025-04-05 10:19:59 AM,0_VK3DxbP058XvMZgjq8_O
2025-04-05 10:19:59 AM,1km$5YDAo_mvPnEMrgEkFb
2025-04-05 10:19:59 AM,1mZipyFlONnACqRNMH8UgE
2025-04-05 10:19:59 AM,2bIEKyGbaIzP6Bf874MiwF
2025-04-05 10:19:59 AM,3q05zMwbb8Zx$v64KN1LKe
2025-04-05 10:19:59 AM,1OZZVZHbLF8hc$dlM2WQDk
2025-04-05 10:19:59 AM,3q05zMwbb8Zx$v64KN1LYb
2025-04-05 10:19:59 AM,0Ac9HEP550eBdikK0kv8v_
2025-04-05 10:19:59 AM,3iL9YRysv0yvUYWTq8EStz
2025-04-05 10:19:59 AM,2QSo_D53TFcv10uuIu$XSe
2025-04-05 10:19:59 AM,1m676NgwXB_Qh3KPmFdiba
2025-04-05 10:19:59 AM,1m676NgwXB_Qh3KPmFdipS
2025-04-05 10:19:59 AM,1h8HQNPQX4KQBxhBjdgf7k
2025-04-05 10:19:59 AM,37HCQOdFfF4BrDmx9j4hSz
2025-04-05 10:19:59 AM,2ZmO8tRXvAnB6gc7VcQ52y
2025-04-05 10:19:59 AM,1h8HQNPQX4KQBxhBjdgf3D
2025-04-08 01:47:59 PM,0pS34jZoj4z9Ku4ND8LDB4
2025-04-08 01:47:59 PM,0pS34jZoj4z9Ku4ND8LEoL
2025-04-08 05:47:59 PM,36uAOfifT9au$P1pYcXcp9
2025-04-08 05:47:59 PM,1vZwnSmED2efzTVtOiRkrG
2025-04-08 05:47:59 PM,3EEyGmRK14vRUg9L_SNWTn
2025-04-08 05:47:59 PM,2bKddMtUnBovVj6tqTpO5L
2025-04-08 05:47:59 PM,1vZwnSmED2efzTVtOiRkeX
2025-04-08 05:47:59 PM,0OgnB9DOz0FeO56f4bp5q$
2025-04-08 05:47:59 PM,0NyL3il7HBFAIIEvTfsH4G
2025-04-08 05:47:59 PM,1veI_kva16Ff_tFQcwnN1H
2025-04-08 05:47:59 PM,2yEpWa$qPF5Q6p28FUQ4MX
2025-04-08 05:47:59 PM,1vZwnSmED2efzTVtOiRkfl
2025-04-08 05:47:59 PM,1vZwnSmED2efzTVtOiRki4
2025-04-08 05:47:59 PM,2ckRs11tD3$AYsk8uFqiQ_
2025-04-08 05:47:59 PM,3cOpd9iYHAlOE_V2leXnqf
2025-04-08 05:47:59 PM,3bu0SSDn9CSBAlW9UBeIsI
2025-04-08 05:47:59 PM,3BCGA5_9f0xf5hngxzlL8j
2025-04-08 05:47:59 PM,2UPOgs3Uj61w2ndubeH_a7
2025-04-08 05:47:59 PM,0tnM2_uaD3iw6LJHhjDnFx
2025-04-08 05:47:59 PM,3GPcuBMn565Ovvkl3dSb8p
2025-04-08 05:47:59 PM,0OgnB9DOz0FeO56f4bp5sf
2025-04-08 05:47:59 PM,0Dr4KqQTvBexnNRIcQjN5T
2025-04-08 05:47:59 PM,3GPcuBMn565Ovvkl3dSb8s
2025-04-08 05:47:59 PM,36uAOfifT9au$P1pYcXcw$
2025-04-08 05:47:59 PM,1vZwnSmED2efzTVtOiRksP
2025-04-08 05:47:59 PM,18mjTXKu5Ciu2gyBs0ufYm
2025-04-08 05:47:59 PM,3BCGA5_9f0xf5hngxzlLUo
2025-04-08 05:47:59 PM,3fUVgm5KX1kAAqlasDpNaA
2025-04-08 05:47:59 PM,1vZwnSmED2efzTVtOiRkgO
2025-04-08 05:47:59 PM,3YaxubLiv3lOuislcZPdYl
2025-04-08 05:47:59 PM,2bKddMtUnBovVj6tqTpO57
2025-04-08 05:47:59 PM,32ZYKxYt52PxKL2e230RbQ
2025-04-08 05:47:59 PM,32ZYKxYt52PxKL2e230Rc5
2025-04-08 05:47:59 PM,1Ji7gC$P10lOnWYMN0_AjK
2025-04-08 05:47:59 PM,1Ji7gC$P10lOnWYMN0_AhU
2025-04-08 05:47:59 PM,3BCGA5_9f0xf5hngxzlLJR
2025-04-08 05:47:59 PM,3yKkraUR56Ywvk1$QKk3ok
2025-04-08 05:47:59 PM,1vZwnSmED2efzTVtOiRkiq
2025-04-08 05:47:59 PM,3BCGA5_9f0xf5hngxzlLNl
2025-04-08 05:47:59 PM,0NyL3il7HBFAIIEvTfsHxz
2025-04-08 05:47:59 PM,0tnM2_uaD3iw6LJHhjDnFH
2025-04-08 05:47:59 PM,1veI_kva16Ff_tFQcwnMb2
2025-04-08 05:47:59 PM,3YaxubLiv3lOuislcZPdbu
2025-04-09 04:47:59 PM,2UPOgs3Uj61w2ndubeHz2i
2025-04-09 04:47:59 PM,04BezB2lII0Q1pIaG_FRL1
2025-04-09 04:47:59 PM,3yKkraUR56Ywvk1$QKk3_7
2025-04-09 04:47:59 PM,3gxFXRl4zCjPCCCzsQqkvC
2025-04-09 04:47:59 PM,0xnlAEjfnCMwUgwJGrVJSG
2025-04-09 04:47:59 PM,0e7VVYtFb5puhUjTJeYavy
2025-04-11 10:03:59 AM,3_yjzzDxP5z8MOcIHimTm$
2025-04-12 09:07:59 AM,27cx9KgOn5TQ$MCPevrOt1
2025-04-12 09:07:59 AM,27cx9KgOn5TQ$MCPevrOsu
2025-04-12 09:07:59 AM,3OjwfP7hn488NMoXiOBwtS
2025-04-12 09:07:59 AM,1LrvSwg0XFLfN8kpD_iqZw
2025-04-12 09:07:59 AM,3OjwfP7hn488NMoXiOBw4x
2025-04-12 09:07:59 AM,3OjwfP7hn488NMoXiOBw7c
2025-04-12 09:07:59 AM,27cx9KgOn5TQ$MCPevrOth
2025-04-12 09:07:59 AM,3OjwfP7hn488NMoXiOBw7k
2025-04-12 09:07:59 AM,24kNdxPZbCkwHyAGRhojHw
2025-04-12 09:07:59 AM,24kNdxPZbCkwHyAGRhojVY
2025-04-12 09:07:59 AM,1LrvSwg0XFLfN8kpD_iqZN
2025-04-12 09:07:59 AM,3D_UVuAi987ewdBKaQQ20p
2025-04-12 09:07:59 AM,24kNdxPZbCkwHyAGRhojUe
2025-04-12 09:07:59 AM,24kNdxPZbCkwHyAGRhojVZ
2025-04-12 09:07:59 AM,1LrvSwg0XFLfN8kpD_iqge
2025-04-12 09:07:59 AM,3OjwfP7hn488NMoXiOBwtV
2025-04-12 09:07:59 AM,1LrvSwg0XFLfN8kpD_iqZK
2025-04-12 09:07:59 AM,24kNdxPZbCkwHyAGRhojH5
2025-04-12 09:07:59 AM,1LrvSwg0XFLfN8kpD_iqZW
2025-04-12 09:07:59 AM,1LrvSwg0XFLfN8kpD_iqZ9
2025-04-12 09:07:59 AM,3D_UVuAi987ewdBKaQQ25Z
2025-04-12 09:07:59 AM,3OjwfP7hn488NMoXiOBw7Y
2025-04-12 09:07:59 AM,3OjwfP7hn488NMoXiOBwvj
2025-04-12 09:07:59 AM,3OjwfP7hn488NMoXiOBwt7
2025-04-12 09:07:59 AM,1LrvSwg0XFLfN8kpD_iqZF
2025-04-12 09:07:59 AM,1LrvSwg0XFLfN8kpD_iqZ7
2025-04-12 09:07:59 AM,3D_UVuAi987ewdBKaQQ25g
2025-04-12 09:07:59 AM,3OjwfP7hn488NMoXiOBw7z
2025-04-12 09:07:59 AM,3OjwfP7hn488NMoXiOBwtB
2025-04-12 09:07:59 AM,3OjwfP7hn488NMoXiOBw7u
2025-04-12 09:07:59 AM,3OjwfP7hn488NMoXiOBwtT
2025-04-12 09:07:59 AM,3OjwfP7hn488NMoXiOBw4z
2025-04-12 09:07:59 AM,3OjwfP7hn488NMoXiOBw7Z
2025-04-12 09:07:59 AM,27cx9KgOn5TQ$MCPevrOsd
2025-04-12 09:07:59 AM,24kNdxPZbCkwHyAGRhojUa
2025-04-12 09:07:59 AM,1LrvSwg0XFLfN8kpD_iqgj
2025-04-12 09:07:59 AM,1LrvSwg0XFLfN8kpD_iqZC
2025-04-12 09:07:59 AM,1LrvSwg0XFLfN8kpD_iqZx
2025-04-12 09:07:59 AM,3D_UVuAi987ewdBKaQQ20s
2025-04-12 09:07:59 AM,1LrvSwg0XFLfN8kpD_iqfV
2025-04-12 09:07:59 AM,1LrvSwg0XFLfN8kpD_iqZQ
2025-04-12 09:07:59 AM,1LrvSwg0XFLfN8kpD_iqgg
2025-04-12 09:07:59 AM,27cx9KgOn5TQ$MCPevrOtC
2025-04-12 09:07:59 AM,1LrvSwg0XFLfN8kpD_iqZI
2025-04-12 09:07:59 AM,1LrvSwg0XFLfN8kpD_iqf7
2025-04-12 09:07:59 AM,21qeDbiwPCRP4YE0AFRYsJ
2025-04-12 09:07:59 AM,27cx9KgOn5TQ$MCPevrOte
2025-04-12 09:07:59 AM,1LrvSwg0XFLfN8kpD_iqf8
2025-04-12 09:07:59 AM,3OjwfP7hn488NMoXiOBwvK
2025-04-12 09:07:59 AM,3OjwfP7hn488NMoXiOBw7X
2025-04-12 09:07:59 AM,3OjwfP7hn488NMoXiOBw4w
2025-04-12 09:07:59 AM,3OjwfP7hn488NMoXiOBwtR
2025-04-12 09:07:59 AM,1Iiofufwn9kfDRKfZDzDbq
2025-04-12 09:07:59 AM,1LrvSwg0XFLfN8kpD_iqfF
2025-04-12 09:07:59 AM,27cx9KgOn5TQ$MCPevrOtg
2025-04-12 09:07:59 AM,27cx9KgOn5TQ$MCPevrOs$
2025-04-12 09:07:59 AM,2keKQEi0T7uQafRTadGtPL
2025-04-12 09:07:59 AM,3OjwfP7hn488NMoXiOBwt6
2025-04-12 09:07:59 AM,27cx9KgOn5TQ$MCPevrOmn
2025-04-12 09:07:59 AM,3OjwfP7hn488NMoXiOBwt4
2025-04-12 09:07:59 AM,3D_UVuAi987ewdBKaQQ20g
2025-04-12 09:07:59 AM,1LrvSwg0XFLfN8kpD_iqZZ
2025-04-12 09:07:59 AM,1LrvSwg0XFLfN8kpD_iqZY
2025-04-12 09:07:59 AM,3OjwfP7hn488NMoXiOBwtC
2025-04-12 09:07:59 AM,1LrvSwg0XFLfN8kpD_iqfM
2025-04-12 09:07:59 AM,27cx9KgOn5TQ$MCPevrOsK
2025-04-12 09:07:59 AM,24kNdxPZbCkwHyAGRhojH8
2025-04-12 09:07:59 AM,3D_UVuAi987ewdBKaQQ25h
2025-04-12 09:07:59 AM,3OjwfP7hn488NMoXiOBwvN
2025-04-12 09:07:59 AM,1LrvSwg0XFLfN8kpD_iqZM
2025-04-12 09:07:59 AM,1LrvSwg0XFLfN8kpD_iqZv
2025-04-12 09:07:59 AM,1R$5ou0HnB3ftV_boDt7g0
2025-04-12 09:07:59 AM,3OjwfP7hn488NMoXiOBwtQ
2025-04-12 09:07:59 AM,2ZRgrC2wXFOulenY$ByV1L
2025-04-12 09:07:59 AM,27cx9KgOn5TQ$MCPevrOmp
2025-04-12 09:07:59 AM,3OjwfP7hn488NMoXiOBw7b
2025-04-12 09:07:59 AM,1LrvSwg0XFLfN8kpD_iqfJ
2025-04-12 09:07:59 AM,27cx9KgOn5TQ$MCPevrOoi
2025-04-12 09:07:59 AM,1LrvSwg0XFLfN8kpD_iqZR
2025-04-12 09:07:59 AM,3CC1kIE1LFn8$2BJbt8goD
2025-04-12 09:07:59 AM,3OjwfP7hn488NMoXiOBw7W
2025-04-12 09:07:59 AM,1LrvSwg0XFLfN8kpD_iqgf
2025-04-12 09:07:59 AM,24kNdxPZbCkwHyAGRhojH9
2025-04-12 09:07:59 AM,3OjwfP7hn488NMoXiOBwvH
2025-04-12 09:07:59 AM,1LrvSwg0XFLfN8kpD_iqZX
2025-04-12 09:07:59 AM,1LrvSwg0XFLfN8kpD_iqZB
2025-04-12 09:07:59 AM,1LrvSwg0XFLfN8kpD_iqZ4
2025-04-12 09:07:59 AM,3OjwfP7hn488NMoXiOBwve
2025-04-12 09:07:59 AM,3OjwfP7hn488NMoXiOBwtD
2025-04-12 09:07:59 AM,1LrvSwg0XFLfN8kpD_iqfA
2025-04-12 09:07:59 AM,1LrvSwg0XFLfN8kpD_iqf2
2025-04-12 09:07:59 AM,3D_UVuAi987ewdBKaQQ25Y
2025-04-12 09:07:59 AM,3OjwfP7hn488NMoXiOBwtA
2025-04-12 09:07:59 AM,1LrvSwg0XFLfN8kpD_iqgh
2025-04-12 09:07:59 AM,27cx9KgOn5TQ$MCPevrOok
2025-04-12 09:07:59 AM,1LrvSwg0XFLfN8kpD_iqYG
2025-04-12 09:07:59 AM,3D_UVuAi987ewdBKaQQ20o
2025-04-12 09:07:59 AM,1LrvSwg0XFLfN8kpD_iqfK
2025-04-12 09:07:59 AM,3OjwfP7hn488NMoXiOBwvg
2025-04-12 09:07:59 AM,1Iiofufwn9kfDRKfZDzDZ6
2025-04-12 09:07:59 AM,27cx9KgOn5TQ$MCPevrOsw
2025-04-12 09:07:59 AM,3OjwfP7hn488NMoXiOBw7y
2025-04-12 09:07:59 AM,1mFZ2PAifEOh75fEPCtxAM
2025-04-12 09:07:59 AM,3CC1kIE1LFn8$2BJbt8goB
2025-04-12 09:07:59 AM,27cx9KgOn5TQ$MCPevrOoj
2025-04-12 09:07:59 AM,1Iiofufwn9kfDRKfZDzDZF
2025-04-12 09:07:59 AM,27cx9KgOn5TQ$MCPevrOmo
2025-04-12 09:07:59 AM,1LrvSwg0XFLfN8kpD_iqYJ
2025-04-12 09:07:59 AM,24kNdxPZbCkwHyAGRhojHt
2025-04-12 09:07:59 AM,27cx9KgOn5TQ$MCPevrOsa
2025-04-12 09:07:59 AM,1LrvSwg0XFLfN8kpD_iqfG
2025-04-12 09:07:59 AM,0ONV3WKZn05u1zXII4StXv
2025-04-12 09:07:59 AM,24kNdxPZbCkwHyAGRhojHx
2025-04-12 09:07:59 AM,27cx9KgOn5TQ$MCPevrOsc
2025-04-12 09:07:59 AM,3CC1kIE1LFn8$2BJbt8goC
2025-04-12 09:07:59 AM,1mFZ2PAifEOh75fEPCtxAN
2025-04-12 09:07:59 AM,3OjwfP7hn488NMoXiOBwt8
2025-04-12 09:07:59 AM,3OjwfP7hn488NMoXiOBw4y
2025-04-12 09:07:59 AM,3D_UVuAi987ewdBKaQQ20q
2025-04-12 09:07:59 AM,3D_UVuAi987ewdBKaQQ20f
2025-04-12 09:07:59 AM,1LrvSwg0XFLfN8kpD_iqYH
2025-04-12 09:07:59 AM,3OjwfP7hn488NMoXiOBwtP
2025-04-12 09:07:59 AM,24kNdxPZbCkwHyAGRhojUg
2025-04-12 09:07:59 AM,24kNdxPZbCkwHyAGRhojHu
2025-04-12 09:07:59 AM,1LrvSwg0XFLfN8kpD_iqZu
2025-04-12 09:07:59 AM,27cx9KgOn5TQ$MCPevrOsb
2025-04-12 09:07:59 AM,24kNdxPZbCkwHyAGRhojUd
2025-04-12 09:07:59 AM,3OjwfP7hn488NMoXiOBw7v
2025-04-12 09:07:59 AM,3OjwfP7hn488NMoXiOBw7a
2025-04-12 09:07:59 AM,1mFZ2PAifEOh75fEPCtxAO
2025-04-12 09:07:59 AM,1Iiofufwn9kfDRKfZDzDbB
2025-04-12 09:07:59 AM,24kNdxPZbCkwHyAGRhojH6
2025-04-12 09:07:59 AM,24kNdxPZbCkwHyAGRhojHv
2025-04-12 09:07:59 AM,1Iiofufwn9kfDRKfZDzDZg
2025-04-12 09:07:59 AM,27cx9KgOn5TQ$MCPevrOmz
2025-04-12 09:07:59 AM,3OjwfP7hn488NMoXiOBwvf
2025-04-12 09:07:59 AM,1LrvSwg0XFLfN8kpD_iqfH
2025-04-12 09:07:59 AM,27cx9KgOn5TQ$MCPevrOsx
2025-04-12 09:07:59 AM,24kNdxPZbCkwHyAGRhojH7
2025-04-12 09:07:59 AM,1LrvSwg0XFLfN8kpD_iqZL
2025-04-12 09:07:59 AM,27cx9KgOn5TQ$MCPevrOsv
2025-04-12 09:07:59 AM,3OjwfP7hn488NMoXiOBw7d
2025-04-12 09:07:59 AM,3OjwfP7hn488NMoXiOBwvU
2025-04-12 09:07:59 AM,24kNdxPZbCkwHyAGRhojM9
2025-04-12 09:07:59 AM,3OjwfP7hn488NMoXiOBw4u
2025-04-12 09:07:59 AM,27cx9KgOn5TQ$MCPevrOtf
2025-04-12 09:07:59 AM,3D_UVuAi987ewdBKaQQ20e
2025-04-12 09:07:59 AM,27cx9KgOn5TQ$MCPevrOsW
2025-04-12 09:07:59 AM,24kNdxPZbCkwHyAGRhojUc
2025-04-12 09:07:59 AM,1LrvSwg0XFLfN8kpD_iqZ6
2025-04-12 09:07:59 AM,24kNdxPZbCkwHyAGRhojUY
2025-04-12 09:07:59 AM,1Iiofufwn9kfDRKfZDzI2T
2025-04-12 09:07:59 AM,3OjwfP7hn488NMoXiOBw7w
2025-04-12 09:07:59 AM,0ONV3WKZn05u1zXII4StXu
2025-04-12 09:07:59 AM,3OjwfP7hn488NMoXiOBw7x
2025-04-12 09:07:59 AM,27cx9KgOn5TQ$MCPevrOt0
2025-04-12 09:07:59 AM,3OjwfP7hn488NMoXiOBw4_
2025-04-12 09:07:59 AM,3D_UVuAi987ewdBKaQQ25j
2025-04-12 09:07:59 AM,3OjwfP7hn488NMoXiOBw4$
2025-04-12 09:07:59 AM,3OjwfP7hn488NMoXiOBwtO
2025-04-12 09:07:59 AM,3OjwfP7hn488NMoXiOBwtF
2025-04-12 09:07:59 AM,27cx9KgOn5TQ$MCPevrOmv
2025-04-12 09:07:59 AM,27cx9KgOn5TQ$MCPevrOmm
2025-04-12 09:07:59 AM,27cx9KgOn5TQ$MCPevrOmu
2025-04-12 09:07:59 AM,1LrvSwg0XFLfN8kpD_iqZ8
2025-04-18 04:00:00 PM,27N25khL17Xxd_b$ITAxnR
2025-04-18 04:00:00 PM,0pZfOwnkj02fUH0D1sa03c
2025-04-18 04:00:00 PM,0rQMFh$tn3cRN8ygvurApA
2025-04-18 04:00:00 PM,0ZF4waqpHqX4zo05DfHoyH
2025-04-18 04:00:00 PM,1yR63PGW5CkBf6_SLx7kJm
2025-04-18 04:00:00 PM,1Y9_TWy0LDkgNO4rvTKar$
2025-04-18 04:00:00 PM,1yR63PGW5CkBf6_SLx7kI2
2025-04-18 04:00:00 PM,1yR63PGW5CkBf6_SLx7kV$
2025-04-18 04:00:00 PM,0msajVWVLDWAXeMAdt$8aA
2025-04-18 04:00:00 PM,2_wDpNsgn2B9qdCrm7bOKS
2025-04-18 04:00:00 PM,27N25khL17Xxd_b$ITAxqC
2025-04-18 04:00:00 PM,2yEpWa$qPF5Q6p28FUQ4JH
2025-04-18 04:00:00 PM,21p_Iwas22qmJclCsMb5T2
2025-04-18 04:00:00 PM,27N25khL17Xxd_b$ITAxmy
2025-04-18 04:00:00 PM,3aOi1oEYYkZikDslUe9bMG
2025-04-18 04:00:00 PM,0rQMFh$tn3cRN8ygvurAsc
2025-04-18 04:00:00 PM,0msajVWVLDWAXeMAdt$8iW
2025-04-18 04:00:00 PM,0AvMDoovnA39ImJaeTqaUN
2025-04-18 04:00:00 PM,0msajVWVLDWAXeMAdt$8ZG
2025-04-18 04:00:00 PM,178q8Ulbf4yRP0WEthhFR5
2025-04-18 04:00:00 PM,0rQMFh$tn3cRN8ygvurAnY
2025-04-18 04:00:00 PM,3lzpVB5ZP6_98SzQixdFUj
2025-04-18 04:00:00 PM,1yR63PGW5CkBf6_SLx7kID
2025-04-18 04:00:00 PM,3BCGA5_9f0xf5hngxzlKW0
2025-04-18 04:00:00 PM,0rQMFh$tn3cRN8ygvurArW
2025-04-18 04:00:00 PM,3BCGA5_9f0xf5hngxzlKWU
2025-04-18 04:00:00 PM,0rQMFh$tn3cRN8ygvurAeL
2025-04-18 04:00:00 PM,0pZfOwnkj02fUH0D1sa06M
2025-04-18 04:00:00 PM,3DoNEsAf_fA3$zbsly11ZP
2025-04-18 04:00:00 PM,0msajVWVLDWAXeMAdt$8nH
2025-04-18 04:00:00 PM,27N25khL17Xxd_b$ITAxxR
2025-04-18 04:00:00 PM,0p$AQi6x17RfIaBLutU12u
2025-04-18 04:00:00 PM,2y_N7Q89X3$hkqwL0bbUUl
2025-04-18 04:00:00 PM,0Dr4KqQTvBexnNRIcQjNAm
2025-04-18 04:00:00 PM,0rQMFh$tn3cRN8ygvur81E
2025-04-18 04:00:00 PM,32jWrxt0X4bgHrWSUTjk2h
2025-04-18 04:00:00 PM,32jWrxt0X4bgHrWSUTjkys
2025-04-18 04:00:00 PM,1yR63PGW5CkBf6_SLx7kLf
2025-04-18 04:00:00 PM,0QxtAwSlzEww7JTSMbiMMN
2025-04-19 03:59:59 PM,1Aj0F2l_TCpx$jfiMN2Ckh
2025-04-19 03:59:59 PM,1Aj0F2l_TCpx$jfiMN2CiG
2025-04-19 03:59:59 PM,1Aj0F2l_TCpx$jfiMN2Cki
2025-04-19 03:59:59 PM,1Aj0F2l_TCpx$jfiMN2Clc
2025-04-19 03:59:59 PM,1Aj0F2l_TCpx$jfiMN2ClZ
2025-04-19 03:59:59 PM,1Aj0F2l_TCpx$jfiMN2Ci7
2025-04-19 03:59:59 PM,1Aj0F2l_TCpx$jfiMN2CiH
2025-04-19 03:59:59 PM,1Aj0F2l_TCpx$jfiMN2CiV
2025-04-19 03:59:59 PM,1Aj0F2l_TCpx$jfiMN2Ckj
2025-04-19 03:59:59 PM,1Aj0F2l_TCpx$jfiMN2CjH
2025-04-19 03:59:59 PM,1Aj0F2l_TCpx$jfiMN2Ci5
2025-04-19 03:59:59 PM,1Aj0F2l_TCpx$jfiMN2Cla
2025-04-19 03:59:59 PM,1Aj0F2l_TCpx$jfiMN2Ci6
2025-04-19 03:59:59 PM,1Aj0F2l_TCpx$jfiMN2Clb
2025-04-19 03:59:59 PM,1Aj0F2l_TCpx$jfiMN2Ckg
2025-04-19 03:59:59 PM,1Aj0F2l_TCpx$jfiMN2CjG
2025-04-19 03:59:59 PM,1Aj0F2l_TCpx$jfiMN2Cju
2025-04-19 03:59:59 PM,1Aj0F2l_TCpx$jfiMN2CiI
2025-04-19 03:59:59 PM,1Aj0F2l_TCpx$jfiMN2CjI
2025-04-19 03:59:59 PM,1Aj0F2l_TCpx$jfiMN2CjV
2025-04-24 01:59:59 PM,3_yjzzDxP5z8MOcIHimTm$
2025-04-28 09:59:59 AM,3DOFTMdzTBM8vaswJFn594
2025-04-28 09:59:59 AM,3DOFTMdzTBM8vaswJFn58D
2025-04-28 09:59:59 AM,36uAOfifT9au$P1pYcXa6K
2025-04-28 09:59:59 AM,1ijNAsmD5DHf0bIQ6sdDH0
2025-04-28 09:59:59 AM,36uAOfifT9au$P1pYcXa0a
2025-04-28 09:59:59 AM,1ZbmME6mjDe87bCp$n49fV
2025-04-29 09:35:59 AM,2S2fdhjVbAnxk3kfPBGdWm
2025-04-29 09:35:59 AM,2S2fdhjVbAnxk3kfPBGdlw
2025-04-29 09:35:59 AM,2S2fdhjVbAnxk3kfPBGdhw
2025-04-29 09:35:59 AM,2S2fdhjVbAnxk3kfPBGdgj
2025-04-30 03:19:59 PM,3fwIUmXvWEK5Rn355wN1go
2025-05-02 03:19:59 PM,1U9dqIBBq7$gNV3_nfVJAJ
2025-05-03 03:19:59 PM,3gNwjdGeX2NwSg0t5pV9In
2025-05-03 03:19:59 PM,2yEpWa$qPF5Q6p28FUQ4Mw
2025-05-03 03:19:59 PM,1veI_kva16Ff_tFQcwnMaG
2025-05-03 03:19:59 PM,3hi1yrX3v0UxoZbYxfveZO
2025-05-03 03:19:59 PM,3Skckbw_vEYe9nlDw9dELc
2025-05-03 03:19:59 PM,1Y9_TWy0LDkgNO4rvTKx9E
2025-05-03 03:19:59 PM,1Y9_TWy0LDkgNO4rvTKxAF
2025-05-03 03:19:59 PM,2bKddMtUnBovVj6tqTpO56
2025-05-03 03:19:59 PM,3hi1yrX3v0UxoZbYxfvegk
2025-05-03 03:19:59 PM,2dXHBfmUvb_sg1MrzLChHy
2025-05-03 03:19:59 PM,1veI_kva16Ff_tFQcwnMbz
2025-05-03 03:19:59 PM,0Dr4KqQTvBexnNRIcQjN54
2025-05-03 03:19:59 PM,1Y9_TWy0LDkgNO4rvTKatu
2025-05-03 03:19:59 PM,3gNwjdGeX2NwSg0t5pV9Iq
2025-05-03 03:19:59 PM,1Y9_TWy0LDkgNO4rvTKars
2025-05-03 03:19:59 PM,1Y9_TWy0LDkgNO4rvTKatz
2025-05-03 03:19:59 PM,3Skckbw_vEYe9nlDw9dELb
2025-05-03 03:19:59 PM,3Skckbw_vEYe9nlDw9dEP1
2025-05-03 03:19:59 PM,1Y9_TWy0LDkgNO4rvTKatP
2025-05-03 03:19:59 PM,1Y9_TWy0LDkgNO4rvTKx9F
2025-05-03 03:19:59 PM,3gNwjdGeX2NwSg0t5pV9Is
2025-05-03 03:19:59 PM,1vZwnSmED2efzTVtOiRkgP
2025-05-03 03:19:59 PM,2yEpWa$qPF5Q6p28FUQ4Mr
2025-05-03 03:19:59 PM,0Dr4KqQTvBexnNRIcQjN5F
2025-05-03 03:19:59 PM,0Dr4KqQTvBexnNRIcQjN5E
2025-05-03 03:19:59 PM,0Dr4KqQTvBexnNRIcQjN5U
2025-05-03 03:19:59 PM,0P3t1ttqHD4fROPLguRd43
2025-05-03 03:19:59 PM,3gNwjdGeX2NwSg0t5pV9It
2025-05-03 03:19:59 PM,1Y9_TWy0LDkgNO4rvTKatV
2025-05-03 03:19:59 PM,3fxf_Irlz5XRNHymNNXHnJ
2025-05-03 03:19:59 PM,1veI_kva16Ff_tFQcwnMbx
2025-05-03 03:19:59 PM,3Skckbw_vEYe9nlDw9dEP6
2025-05-03 03:19:59 PM,0Dr4KqQTvBexnNRIcQjN56
2025-05-03 03:19:59 PM,3fxf_Irlz5XRNHymNNXH$D
2025-05-03 03:19:59 PM,2IuStUc4nBmBZ928dZKULM
2025-05-03 03:19:59 PM,3gNwjdGeX2NwSg0t5pV9Im
2025-05-03 03:19:59 PM,1vZwnSmED2efzTVtOiRki5
2025-05-03 03:19:59 PM,3Skckbw_vEYe9nlDw9dEP2
2025-05-03 03:19:59 PM,1Y9_TWy0LDkgNO4rvTKatt
2025-05-03 03:19:59 PM,1Y9_TWy0LDkgNO4rvTKat0
2025-05-03 03:19:59 PM,1KZBu85ZvA5gKaSKOSk1Uq
2025-05-03 03:19:59 PM,3gNwjdGeX2NwSg0t5pV9GI
2025-05-03 03:19:59 PM,0Dr4KqQTvBexnNRIcQjN52
2025-05-03 03:19:59 PM,1veI_kva16Ff_tFQcwnMbv
2025-05-03 03:19:59 PM,0Dr4KqQTvBexnNRIcQjN55
2025-05-03 03:19:59 PM,0P3t1ttqHD4fROPLguRd4D
2025-05-03 03:19:59 PM,3gNwjdGeX2NwSg0t5pV9GJ
2025-05-03 03:19:59 PM,0P3t1ttqHD4fROPLguRd42
2025-05-03 03:19:59 PM,1vZwnSmED2efzTVtOiRkeY
2025-05-03 03:19:59 PM,1Y9_TWy0LDkgNO4rvTKarm
2025-05-03 03:19:59 PM,1vZwnSmED2efzTVtOiRkir
2025-05-03 03:19:59 PM,3gNwjdGeX2NwSg0t5pV9GS
2025-05-03 03:19:59 PM,3fxf_Irlz5XRNHymNNXHji
2025-05-03 03:19:59 PM,3Skckbw_vEYe9nlDw9dELa
2025-05-03 03:19:59 PM,0Dr4KqQTvBexnNRIcQjN5A
2025-05-03 03:19:59 PM,1vZwnSmED2efzTVtOiRkfe
2025-05-03 03:19:59 PM,3Skckbw_vEYe9nlDw9dELX
2025-05-03 03:19:59 PM,3gNwjdGeX2NwSg0t5pV9GT
2025-05-03 03:19:59 PM,1Y9_TWy0LDkgNO4rvTKx9m
2025-05-03 03:19:59 PM,3Skckbw_vEYe9nlDw9dEP3
2025-05-04 01:59:59 PM,0OgnB9DOz0FeO56f4bp5tE
2025-05-04 01:59:59 PM,0OgnB9DOz0FeO56f4bp5r4
2025-05-04 01:59:59 PM,0OgnB9DOz0FeO56f4bp5rJ
2025-05-04 01:59:59 PM,2UPOgs3Uj61w2ndubeH_a6
2025-05-04 01:59:59 PM,0OgnB9DOz0FeO56f4bp5t5
2025-05-04 01:59:59 PM,3yKkraUR56Ywvk1$QKk3pt
2025-05-04 01:59:59 PM,3EEyGmRK14vRUg9L_SNWTs
2025-05-04 01:59:59 PM,3yKkraUR56Ywvk1$QKk3oJ
2025-05-04 01:59:59 PM,3ElGbCMgD7R8U2s0FZ5mja
2025-05-04 01:59:59 PM,2UPOgs3Uj61w2ndubeH_a2
2025-05-04 01:59:59 PM,3yKkraUR56Ywvk1$QKk3pm
2025-05-04 01:59:59 PM,36uAOfifT9au$P1pYcXcwk
2025-05-04 01:59:59 PM,13h8dlTCf3PPAOso3lXXAq
2025-05-04 01:59:59 PM,13h8dlTCf3PPAOso3lXX6A
2025-05-04 01:59:59 PM,0OgnB9DOz0FeO56f4bp5qk
2025-05-04 01:59:59 PM,3EEyGmRK14vRUg9L_SNWS4
2025-05-04 01:59:59 PM,36uAOfifT9au$P1pYcXcxM
2025-05-04 01:59:59 PM,2UPOgs3Uj61w2ndubeHwzH
2025-05-04 01:59:59 PM,0OgnB9DOz0FeO56f4bp5rR
2025-05-04 01:59:59 PM,3oWkDgbbT1hAY$UF3T6yLd
2025-05-04 01:59:59 PM,3yKkraUR56Ywvk1$QKk3oQ
2025-05-04 01:59:59 PM,3yKkraUR56Ywvk1$QKk3oP
2025-05-04 01:59:59 PM,0OgnB9DOz0FeO56f4bp5rI
2025-05-04 01:59:59 PM,36uAOfifT9au$P1pYcXcwv
2025-05-04 01:59:59 PM,3yKkraUR56Ywvk1$QKk3oU
2025-05-04 01:59:59 PM,36uAOfifT9au$P1pYcXcww
2025-05-04 01:59:59 PM,3EEyGmRK14vRUg9L_SNWTz
2025-05-04 01:59:59 PM,0tnM2_uaD3iw6LJHhjDnFl
2025-05-04 01:59:59 PM,36uAOfifT9au$P1pYcXcwl
2025-05-04 01:59:59 PM,3EEyGmRK14vRUg9L_SNWS7
2025-05-04 01:59:59 PM,36uAOfifT9au$P1pYcXcxP
2025-05-04 01:59:59 PM,0OgnB9DOz0FeO56f4bp5tS
2025-05-04 01:59:59 PM,3yKkraUR56Ywvk1$QKk3oV
2025-05-04 01:59:59 PM,0OgnB9DOz0FeO56f4bp5tM
2025-05-04 01:59:59 PM,2UPOgs3Uj61w2ndubeHwes
2025-05-04 01:59:59 PM,3ElGbCMgD7R8U2s0FZ5mjo
2025-05-04 01:59:59 PM,0OgnB9DOz0FeO56f4bp5qi
2025-05-04 01:59:59 PM,0OgnB9DOz0FeO56f4bp5tF
2025-05-04 01:59:59 PM,0OgnB9DOz0FeO56f4bp5r6
2025-05-04 01:59:59 PM,3yKkraUR56Ywvk1$QKk3oG
2025-05-04 01:59:59 PM,36uAOfifT9au$P1pYcXcwm
2025-05-04 01:59:59 PM,0tnM2_uaD3iw6LJHhjDnFq
2025-05-04 01:59:59 PM,2UPOgs3Uj61w2ndubeHwhp
2025-05-04 01:59:59 PM,0OgnB9DOz0FeO56f4bp5ql
2025-05-04 01:59:59 PM,0OgnB9DOz0FeO56f4bp5r5
2025-05-04 01:59:59 PM,3EEyGmRK14vRUg9L_SNWS0
2025-05-04 01:59:59 PM,0OgnB9DOz0FeO56f4bp5tT
2025-05-04 01:59:59 PM,0OgnB9DOz0FeO56f4bp5rQ
2025-05-04 01:59:59 PM,2UPOgs3Uj61w2ndubeHwjr
2025-05-04 01:59:59 PM,36uAOfifT9au$P1pYcXcwi
2025-05-04 01:59:59 PM,36uAOfifT9au$P1pYcXcwy
2025-05-04 01:59:59 PM,3yKkraUR56Ywvk1$QKk3oj
2025-05-04 01:59:59 PM,2UPOgs3Uj61w2ndubeH_ar
2025-05-04 01:59:59 PM,3EEyGmRK14vRUg9L_SNWS1
2025-05-04 01:59:59 PM,0tnM2_uaD3iw6LJHhjDnFI
2025-05-04 01:59:59 PM,3ElGbCMgD7R8U2s0FZ5mji
2025-05-04 01:59:59 PM,3ElGbCMgD7R8U2s0FZ5mif
2025-05-04 01:59:59 PM,0OgnB9DOz0FeO56f4bp5tP
2025-05-04 01:59:59 PM,2UPOgs3Uj61w2ndubeHwet
2025-05-04 01:59:59 PM,0OgnB9DOz0FeO56f4bp5t4
2025-05-04 01:59:59 PM,0OgnB9DOz0FeO56f4bp5tO
2025-05-04 01:59:59 PM,3yKkraUR56Ywvk1$QKk3oT
2025-05-04 01:59:59 PM,0OgnB9DOz0FeO56f4bp5tm
2025-05-04 01:59:59 PM,2UPOgs3Uj61w2ndubeHwhq
2025-05-04 01:59:59 PM,36uAOfifT9au$P1pYcXcwp
2025-05-05 01:59:59 PM,2aGe8Qmcr1899a6tglytXB
2025-05-05 01:59:59 PM,2aGe8Qmcr1899a6tglytiC
2025-05-05 01:59:59 PM,2aGe8Qmcr1899a6tglyttV
2025-05-07 01:39:59 PM,2YoydkkFhEGdFW4BeItOqO
2025-05-09 02:35:59 PM,0xnlAEjfnCMwUgwJGrVJ5x
2025-05-09 02:35:59 PM,07nlmg4uz4XAfh7eaNdN2j
2025-05-09 02:35:59 PM,0xnlAEjfnCMwUgwJGrVJ5O
2025-05-09 02:35:59 PM,0xnlAEjfnCMwUgwJGrVJ5m
2025-05-09 02:35:59 PM,0xnlAEjfnCMwUgwJGrVJ5n
2025-05-09 02:35:59 PM,0xnlAEjfnCMwUgwJGrVJ5z
2025-05-09 02:35:59 PM,0xnlAEjfnCMwUgwJGrVJ5r
2025-05-09 02:35:59 PM,0xnlAEjfnCMwUgwJGrVJ5q
2025-05-10 08:59:59 AM,0DyANXUJP8695lk$uawLpH
2025-05-10 08:59:59 AM,0DyANXUJP8695lk$uawLym
2025-05-10 08:59:59 AM,0DyANXUJP8695lk$uawLa9
2025-05-10 08:59:59 AM,0DyANXUJP8695lk$uawLzV
2025-05-10 08:59:59 AM,0DyANXUJP8695lk$uawLsa
2025-05-10 08:59:59 AM,0DyANXUJP8695lk$uawLxV
2025-05-10 08:59:59 AM,0DyANXUJP8695lk$uawLyH
2025-05-10 08:59:59 AM,0DyANXUJP8695lk$uawLzo
2025-05-10 08:59:59 AM,0xnlAEjfnCMwUgwJGrVJTz
2025-05-10 08:59:59 AM,0DyANXUJP8695lk$uawLvH
2025-05-10 08:59:59 AM,0DyANXUJP8695lk$uawLzJ
2025-05-10 08:59:59 AM,0DyANXUJP8695lk$uawL_L
2025-05-10 08:59:59 AM,2UPOgs3Uj61w2ndubeHz3L
2025-05-10 08:59:59 AM,0DyANXUJP8695lk$uawL$g
2025-05-10 08:59:59 AM,0DyANXUJP8695lk$uawL_6
2025-05-10 08:59:59 AM,0DyANXUJP8695lk$uawLw2
2025-05-10 08:59:59 AM,0DyANXUJP8695lk$uawLud
2025-05-10 08:59:59 AM,0DyANXUJP8695lk$uawL$u
2025-05-10 08:59:59 AM,0DyANXUJP8695lk$uawLww
2025-05-10 08:59:59 AM,0DyANXUJP8695lk$uawLxJ
2025-05-10 08:59:59 AM,0DyANXUJP8695lk$uawLwj
2025-05-10 08:59:59 AM,0DyANXUJP8695lk$uawLbL
2025-05-10 08:59:59 AM,0DyANXUJP8695lk$uawLuN
2025-05-10 08:59:59 AM,2UPOgs3Uj61w2ndubeHz3K
2025-05-10 08:59:59 AM,0DyANXUJP8695lk$uawLz_
2025-05-10 08:59:59 AM,0DyANXUJP8695lk$uawLu4
2025-05-10 08:59:59 AM,0xnlAEjfnCMwUgwJGrVJS3
2025-05-10 08:59:59 AM,0DyANXUJP8695lk$uawLwl
2025-05-10 08:59:59 AM,0DyANXUJP8695lk$uawLxw
2025-05-10 08:59:59 AM,0DyANXUJP8695lk$uawL$L
2025-05-10 08:59:59 AM,0DyANXUJP8695lk$uawLuX
2025-05-10 08:59:59 AM,0DyANXUJP8695lk$uawLs3
2025-05-10 08:59:59 AM,0DyANXUJP8695lk$uawLpD
2025-05-10 08:59:59 AM,0DyANXUJP8695lk$uawLyP
2025-05-10 08:59:59 AM,0DyANXUJP8695lk$uawLzB
2025-05-10 08:59:59 AM,0DyANXUJP8695lk$uawL_u
2025-05-10 08:59:59 AM,0DyANXUJP8695lk$uawLvP
2025-05-10 08:59:59 AM,2UPOgs3Uj61w2ndubeHz3O
2025-05-10 08:59:59 AM,0DyANXUJP8695lk$uawLxH
2025-05-10 08:59:59 AM,0DyANXUJP8695lk$uawLv0
2025-05-10 08:59:59 AM,2UPOgs3Uj61w2ndubeHz3E
2025-05-10 08:59:59 AM,0DyANXUJP8695lk$uawLv2
2025-05-10 08:59:59 AM,0DyANXUJP8695lk$uawLyN
2025-05-10 08:59:59 AM,0DyANXUJP8695lk$uawLwR
2025-05-10 08:59:59 AM,0DyANXUJP8695lk$uawLbV
2025-05-10 08:59:59 AM,0DyANXUJP8695lk$uawLu6
2025-05-10 08:59:59 AM,0DyANXUJP8695lk$uawLc$
2025-05-10 08:59:59 AM,0xnlAEjfnCMwUgwJGrVJT_
2025-05-10 08:59:59 AM,0DyANXUJP8695lk$uawLzb
2025-05-10 08:59:59 AM,0DyANXUJP8695lk$uawLuV
2025-05-10 08:59:59 AM,0DyANXUJP8695lk$uawLyk
2025-05-10 08:59:59 AM,0DyANXUJP8695lk$uawLzy
2025-05-10 08:59:59 AM,0DyANXUJP8695lk$uawL_m
2025-05-10 08:59:59 AM,0DyANXUJP8695lk$uawLvu
2025-05-10 08:59:59 AM,0DyANXUJP8695lk$uawLyF
2025-05-10 08:59:59 AM,0DyANXUJP8695lk$uawLx3
2025-05-10 08:59:59 AM,0DyANXUJP8695lk$uawLwJ
2025-05-10 08:59:59 AM,0DyANXUJP8695lk$uawLwm
2025-05-10 08:59:59 AM,2UPOgs3Uj61w2ndubeHz3M
2025-05-10 08:59:59 AM,0DyANXUJP8695lk$uawLw4
2025-05-10 08:59:59 AM,0DyANXUJP8695lk$uawLwu
2025-05-10 08:59:59 AM,0DyANXUJP8695lk$uawLvX
2025-05-10 08:59:59 AM,0DyANXUJP8695lk$uawLv6
2025-05-10 08:59:59 AM,0DyANXUJP8695lk$uawLsn
2025-05-10 08:59:59 AM,0DyANXUJP8695lk$uawLpL
2025-05-10 08:59:59 AM,0DyANXUJP8695lk$uawLoL
2025-05-10 08:59:59 AM,0DyANXUJP8695lk$uawLt0
2025-05-10 08:59:59 AM,0DyANXUJP8695lk$uawLvC
2025-05-10 08:59:59 AM,0DyANXUJP8695lk$uawLpg
2025-05-10 08:59:59 AM,0DyANXUJP8695lk$uawLvJ
2025-05-10 08:59:59 AM,0DyANXUJP8695lk$uawLzP
2025-05-10 08:59:59 AM,0DyANXUJP8695lk$uawLxy
2025-05-10 08:59:59 AM,0DyANXUJP8695lk$uawLxB
2025-05-10 08:59:59 AM,0DyANXUJP8695lk$uawLoN
2025-05-10 08:59:59 AM,0DyANXUJP8695lk$uawLzT
2025-05-10 08:59:59 AM,0DyANXUJP8695lk$uawLts
2025-05-10 08:59:59 AM,0DyANXUJP8695lk$uawLyJ
2025-05-10 08:59:59 AM,0DyANXUJP8695lk$uawLuu
2025-05-10 08:59:59 AM,0DyANXUJP8695lk$uawLpq
2025-05-10 08:59:59 AM,0DyANXUJP8695lk$uawLxD
2025-05-10 08:59:59 AM,0DyANXUJP8695lk$uawLsF
2025-05-10 08:59:59 AM,0DyANXUJP8695lk$uawL$q
2025-05-10 08:59:59 AM,0DyANXUJP8695lk$uawLuZ
2025-05-10 08:59:59 AM,0DyANXUJP8695lk$uawLwT
2025-05-10 08:59:59 AM,0xnlAEjfnCMwUgwJGrVJTs
2025-05-10 08:59:59 AM,0DyANXUJP8695lk$uawLvZ
2025-05-10 08:59:59 AM,0DyANXUJP8695lk$uawL$R
2025-05-10 08:59:59 AM,0DyANXUJP8695lk$uawLwZ
2025-05-10 08:59:59 AM,0DyANXUJP8695lk$uawLbX
2025-05-10 08:59:59 AM,0DyANXUJP8695lk$uawL_o
2025-05-10 08:59:59 AM,0DyANXUJP8695lk$uawLsD
2025-05-10 08:59:59 AM,0DyANXUJP8695lk$uawL__
2025-05-10 08:59:59 AM,0DyANXUJP8695lk$uawLzu
2025-05-10 08:59:59 AM,0DyANXUJP8695lk$uawL$b
2025-05-10 08:59:59 AM,0DyANXUJP8695lk$uawLs9
2025-05-10 08:59:59 AM,0DyANXUJP8695lk$uawLxo
2025-05-10 08:59:59 AM,0DyANXUJP8695lk$uawLzs
2025-05-10 08:59:59 AM,0DyANXUJP8695lk$uawLwb
2025-05-10 08:59:59 AM,0DyANXUJP8695lk$uawLyo
2025-05-10 08:59:59 AM,0DyANXUJP8695lk$uawL$0
2025-05-10 08:59:59 AM,0DyANXUJP8695lk$uawL_V
2025-05-10 08:59:59 AM,0DyANXUJP8695lk$uawL$d
2025-05-10 08:59:59 AM,0DyANXUJP8695lk$uawL_y
2025-05-10 08:59:59 AM,0DyANXUJP8695lk$uawL$4
2025-05-10 08:59:59 AM,0DyANXUJP8695lk$uawL$w
2025-05-10 08:59:59 AM,0DyANXUJP8695lk$uawLwX
2025-05-10 08:59:59 AM,0DyANXUJP8695lk$uawLvj
2025-05-10 08:59:59 AM,0DyANXUJP8695lk$uawLuH
2025-05-10 08:59:59 AM,0DyANXUJP8695lk$uawLv4
2025-05-10 08:59:59 AM,0DyANXUJP8695lk$uawLo3
2025-05-10 08:59:59 AM,0DyANXUJP8695lk$uawLus
2025-05-10 08:59:59 AM,0DyANXUJP8695lk$uawLuq
2025-05-10 08:59:59 AM,0DyANXUJP8695lk$uawLsf
2025-05-10 08:59:59 AM,0DyANXUJP8695lk$uawLyR
2025-05-10 08:59:59 AM,0DyANXUJP8695lk$uawLzk
2025-05-10 08:59:59 AM,0DyANXUJP8695lk$uawL_R
2025-05-10 08:59:59 AM,0DyANXUJP8695lk$uawLsU
2025-05-10 08:59:59 AM,0DyANXUJP8695lk$uawLsB
2025-05-10 08:59:59 AM,0DyANXUJP8695lk$uawLub
2025-05-10 08:59:59 AM,0DyANXUJP8695lk$uawLsO
2025-05-10 08:59:59 AM,0DyANXUJP8695lk$uawLw0
2025-05-10 08:59:59 AM,0DyANXUJP8695lk$uawL$P
2025-05-10 08:59:59 AM,0DyANXUJP8695lk$uawLoB
2025-05-10 08:59:59 AM,0DyANXUJP8695lk$uawLze
2025-05-10 08:59:59 AM,0DyANXUJP8695lk$uawLv_
2025-05-10 08:59:59 AM,0DyANXUJP8695lk$uawLst
2025-05-10 08:59:59 AM,0DyANXUJP8695lk$uawLu_
2025-05-10 08:59:59 AM,0DyANXUJP8695lk$uawLwd
2025-05-10 08:59:59 AM,0DyANXUJP8695lk$uawL_T
2025-05-10 08:59:59 AM,0DyANXUJP8695lk$uawL_d
2025-05-10 08:59:59 AM,3NqpwIpVjBQBTNPoORqvJg
2025-05-10 08:59:59 AM,0DyANXUJP8695lk$uawLy9
2025-05-10 08:59:59 AM,0DyANXUJP8695lk$uawLxT
2025-05-10 08:59:59 AM,0DyANXUJP8695lk$uawLoD
2025-05-10 08:59:59 AM,0DyANXUJP8695lk$uawLu2
2025-05-10 08:59:59 AM,0DyANXUJP8695lk$uawLyy
2025-05-10 08:59:59 AM,0DyANXUJP8695lk$uawLwE
2025-05-10 08:59:59 AM,0DyANXUJP8695lk$uawLbz
2025-05-10 08:59:59 AM,0xnlAEjfnCMwUgwJGrVJTv
2025-05-10 08:59:59 AM,0DyANXUJP8695lk$uawLvm
2025-05-10 08:59:59 AM,0DyANXUJP8695lk$uawLt2
2025-05-10 08:59:59 AM,0DyANXUJP8695lk$uawL_b
2025-05-10 08:59:59 AM,0DyANXUJP8695lk$uawLt_
2025-05-10 08:59:59 AM,0DyANXUJP8695lk$uawL_B
2025-05-10 08:59:59 AM,0DyANXUJP8695lk$uawL$T
2025-05-10 08:59:59 AM,0DyANXUJP8695lk$uawLwo
2025-05-10 08:59:59 AM,0DyANXUJP8695lk$uawL$y
2025-05-10 08:59:59 AM,0DyANXUJP8695lk$uawLps
2025-05-10 08:59:59 AM,0DyANXUJP8695lk$uawLu0
2025-05-10 08:59:59 AM,0DyANXUJP8695lk$uawL_w
2025-05-10 08:59:59 AM,0DyANXUJP8695lk$uawLyi
2025-05-10 08:59:59 AM,0DyANXUJP8695lk$uawLpF
2025-05-10 08:59:59 AM,0DyANXUJP8695lk$uawLzR
2025-05-10 08:59:59 AM,0DyANXUJP8695lk$uawLpY
2025-05-10 08:59:59 AM,0DyANXUJP8695lk$uawLxN
2025-05-10 08:59:59 AM,0DyANXUJP8695lk$uawLtm
2025-05-10 08:59:59 AM,0DyANXUJP8695lk$uawLuy
2025-05-10 08:59:59 AM,0DyANXUJP8695lk$uawLto
2025-05-10 08:59:59 AM,0DyANXUJP8695lk$uawL$V
2025-05-10 08:59:59 AM,0DyANXUJP8695lk$uawL_J
2025-05-10 08:59:59 AM,0DyANXUJP8695lk$uawLvR
2025-05-10 08:59:59 AM,0DyANXUJP8695lk$uawL_P
2025-05-10 08:59:59 AM,0DyANXUJP8695lk$uawLtC
2025-05-10 08:59:59 AM,0DyANXUJP8695lk$uawLxL
2025-05-10 08:59:59 AM,0DyANXUJP8695lk$uawLpi
2025-05-10 08:59:59 AM,0DyANXUJP8695lk$uawLvb
2025-05-10 08:59:59 AM,0DyANXUJP8695lk$uawLsS
2025-05-10 08:59:59 AM,0DyANXUJP8695lk$uawLzm
2025-05-10 08:59:59 AM,0DyANXUJP8695lk$uawLvw
2025-05-10 08:59:59 AM,0DyANXUJP8695lk$uawLt6
2025-05-10 08:59:59 AM,0DyANXUJP8695lk$uawLsr
2025-05-10 08:59:59 AM,2UPOgs3Uj61w2ndubeHz3F
2025-05-10 08:59:59 AM,0DyANXUJP8695lk$uawLuw
2025-05-10 08:59:59 AM,2UPOgs3Uj61w2ndubeHz3R
2025-05-10 08:59:59 AM,0xnlAEjfnCMwUgwJGrVJTy
2025-05-10 08:59:59 AM,0DyANXUJP8695lk$uawLz4
2025-05-10 08:59:59 AM,0DyANXUJP8695lk$uawL$_
2025-05-10 08:59:59 AM,0xnlAEjfnCMwUgwJGrVJTw
2025-05-10 08:59:59 AM,0DyANXUJP8695lk$uawL_e
2025-05-10 08:59:59 AM,0DyANXUJP8695lk$uawLyu
2025-05-10 08:59:59 AM,0DyANXUJP8695lk$uawLvs
2025-05-10 08:59:59 AM,0DyANXUJP8695lk$uawLz9
2025-05-10 08:59:59 AM,0DyANXUJP8695lk$uawLpN
2025-05-10 08:59:59 AM,0DyANXUJP8695lk$uawLsh
2025-05-10 08:59:59 AM,0DyANXUJP8695lk$uawL_4
2025-05-10 08:59:59 AM,0DyANXUJP8695lk$uawL_g
2025-05-10 08:59:59 AM,0DyANXUJP8695lk$uawLyq
2025-05-10 08:59:59 AM,0DyANXUJP8695lk$uawLy_
2025-05-10 08:59:59 AM,0DyANXUJP8695lk$uawLtE
2025-05-10 08:59:59 AM,0DyANXUJP8695lk$uawL$o
2025-05-10 08:59:59 AM,0DyANXUJP8695lk$uawLa7
2025-05-10 08:59:59 AM,0DyANXUJP8695lk$uawL$N
2025-05-10 08:59:59 AM,0DyANXUJP8695lk$uawLvd
2025-05-10 08:59:59 AM,0DyANXUJP8695lk$uawL$X
2025-05-10 08:59:59 AM,0DyANXUJP8695lk$uawLbh
2025-05-10 08:59:59 AM,0DyANXUJP8695lk$uawLyV
2025-05-10 08:59:59 AM,0DyANXUJP8695lk$uawLwC
2025-05-10 08:59:59 AM,0DyANXUJP8695lk$uawLuP
2025-05-10 08:59:59 AM,0DyANXUJP8695lk$uawLsQ
2025-05-10 08:59:59 AM,0DyANXUJP8695lk$uawLzH
2025-05-10 08:59:59 AM,0DyANXUJP8695lk$uawLw6
2025-05-10 08:59:59 AM,0DyANXUJP8695lk$uawL$6
2025-05-10 08:59:59 AM,0DyANXUJP8695lk$uawLys
2025-05-10 08:59:59 AM,0DyANXUJP8695lk$uawLty
2025-05-10 08:59:59 AM,0DyANXUJP8695lk$uawLuR
2025-05-10 08:59:59 AM,0DyANXUJP8695lk$uawLzw
2025-05-10 08:59:59 AM,0DyANXUJP8695lk$uawLyT
2025-06-02 03:59:59 PM,2JhfnbrL525OeMKjGCtZIH
2025-06-02 03:59:59 PM,2JhfnbrL525OeMKjGCtZ5b
2025-06-02 03:59:59 PM,0_VK3DxbP058XvMZgjq9H_
2025-06-02 03:59:59 PM,3YeKBuLNL57hHQF_6ze_U6
2025-06-02 03:59:59 PM,3YeKBuLNL57hHQF_6ze_He
2025-06-02 03:59:59 PM,3YeKBuLNL57hHQF_6ze_FK
2025-06-02 03:59:59 PM,0KS6RBhUH4SxeW1jJZ36ac
2025-06-02 03:59:59 PM,2JhfnbrL525OeMKjGCtZD_
2025-06-02 03:59:59 PM,3YeKBuLNL57hHQF_6ze_TQ
2025-06-02 03:59:59 PM,2JhfnbrL525OeMKjGCtZB0
2025-06-02 03:59:59 PM,3YeKBuLNL57hHQF_6ze_Nl
2025-06-02 03:59:59 PM,3YeKBuLNL57hHQF_6ze_Oa
2025-06-02 03:59:59 PM,3YeKBuLNL57hHQF_6ze_An
2025-06-02 03:59:59 PM,3YeKBuLNL57hHQF_6ze_Pd
2025-06-02 03:59:59 PM,2b2kUiszj8sfk9nqtIy7Od
2025-06-02 03:59:59 PM,11RWL8G_6qNeFFMmptz1n2
2025-06-02 03:59:59 PM,1WGYhk$81DpOl0xUtR4Gvu
2025-06-02 03:59:59 PM,2b2kUiszj8sfk9nqtIy7RX
2025-06-02 03:59:59 PM,3YeKBuLNL57hHQF_6ze_8W
2025-06-02 03:59:59 PM,3YeKBuLNL57hHQF_6ze_MD
2025-06-02 03:59:59 PM,3YeKBuLNL57hHQF_6ze_30
2025-06-02 03:59:59 PM,2JhfnbrL525OeMKjGCtZ23
2025-06-02 03:59:59 PM,2JhfnbrL525OeMKjGCtaRa
2025-06-02 03:59:59 PM,2JhfnbrL525OeMKjGCtazf
2025-06-02 03:59:59 PM,3YeKBuLNL57hHQF_6ze_cF
2025-06-02 03:59:59 PM,3YeKBuLNL57hHQF_6ze_Rn
2025-06-02 03:59:59 PM,2S5tHW0XHEVv0kUen_m4VO
2025-06-02 03:59:59 PM,1R$5ou0HnB3ftV_boDt7$b
2025-06-02 03:59:59 PM,2JhfnbrL525OeMKjGCtaHq
2025-06-02 03:59:59 PM,3YeKBuLNL57hHQF_6ze_MM
2025-06-02 03:59:59 PM,1R$5ou0HnB3ftV_boDt7wl
2025-06-02 03:59:59 PM,0rQMFh$tn3cRN8ygvurLI4
2025-06-02 03:59:59 PM,3YeKBuLNL57hHQF_6ze_bi
2025-06-02 03:59:59 PM,3YeKBuLNL57hHQF_6ze_8O
2025-06-02 03:59:59 PM,3YeKBuLNL57hHQF_6ze_QF
2025-06-02 03:59:59 PM,3YeKBuLNL57hHQF_6ze_Nq
2025-06-02 03:59:59 PM,0I4mOp0_X3txo_WTY_q8$a
2025-06-02 03:59:59 PM,2JhfnbrL525OeMKjGCtZ7h
2025-06-02 03:59:59 PM,2JhfnbrL525OeMKjGCtash
2025-06-02 03:59:59 PM,2mXKjXKjH9XoG8wlBe7Lf9
2025-06-02 03:59:59 PM,1c0yZ0Qu12UfhdQzk33xyc
2025-06-02 03:59:59 PM,2r7ejrJ7KFhiB8YEykFVLh
2025-06-02 03:59:59 PM,2QSo_D53TFcv10uuIu$XAL
2025-06-02 03:59:59 PM,3YeKBuLNL57hHQF_6ze$qb
2025-06-02 03:59:59 PM,21qeDbiwPCRP4YE0AFRZD3
2025-06-02 03:59:59 PM,3YeKBuLNL57hHQF_6ze_KV
2025-06-02 03:59:59 PM,2JhfnbrL525OeMKjGCtaQH
2025-06-02 03:59:59 PM,3YeKBuLNL57hHQF_6ze_5F
2025-06-02 03:59:59 PM,3YeKBuLNL57hHQF_6ze_ap
2025-06-02 03:59:59 PM,3YeKBuLNL57hHQF_6ze_CL
2025-06-02 03:59:59 PM,3YeKBuLNL57hHQF_6ze_YC
2025-06-02 03:59:59 PM,2JhfnbrL525OeMKjGCtaAY
2025-06-02 03:59:59 PM,3YeKBuLNL57hHQF_6ze$xr
2025-06-02 03:59:59 PM,3YeKBuLNL57hHQF_6ze_B_
2025-06-02 03:59:59 PM,3wRVHqaSQRKazZ5Ltjb8xZ
2025-06-02 03:59:59 PM,3YeKBuLNL57hHQF_6ze_Vm
2025-06-02 03:59:59 PM,3YeKBuLNL57hHQF_6ze_95
2025-06-02 03:59:59 PM,3YeKBuLNL57hHQF_6ze_dI
2025-06-02 03:59:59 PM,3YeKBuLNL57hHQF_6ze_BQ
2025-06-02 03:59:59 PM,3YeKBuLNL57hHQF_6ze$xT
2025-06-02 03:59:59 PM,0QlNSs40PFkwCndZDm4Dmk
2025-06-02 03:59:59 PM,3YeKBuLNL57hHQF_6ze_4d
2025-06-02 03:59:59 PM,3YeKBuLNL57hHQF_6ze_9i
2025-06-02 03:59:59 PM,2S5tHW0XHEVv0kUen_m4Uz
2025-06-02 03:59:59 PM,3YeKBuLNL57hHQF_6ze$rN
2025-06-02 03:59:59 PM,3YeKBuLNL57hHQF_6ze_Uj
2025-06-02 03:59:59 PM,3YeKBuLNL57hHQF_6ze$wB
2025-06-02 03:59:59 PM,1c0yZ0Qu12UfhdQzk33xzU
2025-06-02 03:59:59 PM,1c0yZ0Qu12UfhdQzk33xfB
2025-06-02 03:59:59 PM,2JhfnbrL525OeMKjGCtZLz
2025-06-02 03:59:59 PM,2JhfnbrL525OeMKjGCtawc
2025-06-02 03:59:59 PM,0_VK3DxbP058XvMZgjq8UI
2025-06-02 03:59:59 PM,1c0yZ0Qu12UfhdQzk33xcd
2025-06-02 03:59:59 PM,3YeKBuLNL57hHQF_6ze_5f
2025-06-02 03:59:59 PM,3YeKBuLNL57hHQF_6ze_V6
2025-06-02 03:59:59 PM,3YeKBuLNL57hHQF_6ze_Fr
2025-06-02 03:59:59 PM,2JhfnbrL525OeMKjGCtane
2025-06-02 03:59:59 PM,3YeKBuLNL57hHQF_6ze$w_
2025-06-02 03:59:59 PM,3YeKBuLNL57hHQF_6ze_9r
2025-06-02 03:59:59 PM,0I4mOp0_X3txo_WTY_q8ua
2025-06-02 03:59:59 PM,1zEvnOIFP20PtpyLzQvA1Y
2025-06-02 03:59:59 PM,2_wDpNsgn2B9qdCrm7bOLo
2025-06-02 03:59:59 PM,3YeKBuLNL57hHQF_6ze_cc
2025-06-02 03:59:59 PM,2JhfnbrL525OeMKjGCtauj
2025-06-02 03:59:59 PM,1c0yZ0Qu12UfhdQzk33aKp
2025-06-02 03:59:59 PM,1c0yZ0Qu12UfhdQzk33xzT
2025-06-02 03:59:59 PM,0KS6RBhUH4SxeW1jJZ36_6
2025-06-02 03:59:59 PM,3YeKBuLNL57hHQF_6ze_NQ
2025-06-02 03:59:59 PM,3YeKBuLNL57hHQF_6ze_Mo
2025-06-02 03:59:59 PM,3YeKBuLNL57hHQF_6ze_O4
2025-06-02 03:59:59 PM,2JhfnbrL525OeMKjGCtaid
2025-06-02 03:59:59 PM,3YeKBuLNL57hHQF_6ze_ZM
2025-06-02 03:59:59 PM,2JhfnbrL525OeMKjGCtap3
2025-06-02 03:59:59 PM,3YeKBuLNL57hHQF_6ze$zc
2025-06-02 03:59:59 PM,3YeKBuLNL57hHQF_6ze_AN
2025-06-02 03:59:59 PM,1R$5ou0HnB3ftV_boDt7_y
2025-06-02 03:59:59 PM,26YNm3YDr8Phv2Nv1aCETN
2025-06-02 03:59:59 PM,3YeKBuLNL57hHQF_6ze_QL
2025-06-02 03:59:59 PM,2Sg4XuPy305EHgWIpQ6bbH
2025-06-02 03:59:59 PM,3YeKBuLNL57hHQF_6ze_HZ
2025-06-02 03:59:59 PM,3YeKBuLNL57hHQF_6ze_LX
2025-06-02 03:59:59 PM,2JhfnbrL525OeMKjGCtZSx
2025-06-02 03:59:59 PM,1R$5ou0HnB3ftV_boDt7jr
2025-06-02 03:59:59 PM,3YeKBuLNL57hHQF_6ze_WD
2025-06-02 03:59:59 PM,3YeKBuLNL57hHQF_6ze_0q
2025-06-02 03:59:59 PM,0KS6RBhUH4SxeW1jJZ36$0
2025-06-02 03:59:59 PM,0I4mOp0_X3txo_WTY_q8yx
2025-06-02 03:59:59 PM,2JhfnbrL525OeMKjGCtac6
2025-06-02 03:59:59 PM,2JhfnbrL525OeMKjGCtZ8v
2025-06-02 03:59:59 PM,2JhfnbrL525OeMKjGCtaVw
2025-06-02 03:59:59 PM,3YeKBuLNL57hHQF_6ze_Wr
2025-06-02 03:59:59 PM,3YeKBuLNL57hHQF_6ze_ZF
2025-06-02 03:59:59 PM,0_VK3DxbP058XvMZgjq9LO
2025-06-02 03:59:59 PM,3YeKBuLNL57hHQF_6ze_XI
2025-06-02 03:59:59 PM,3TOO2H1JDFfp6EW6IBOhGv
2025-06-02 03:59:59 PM,2JhfnbrL525OeMKjGCtae5
2025-06-02 03:59:59 PM,3YeKBuLNL57hHQF_6ze_Yv
2025-06-02 03:59:59 PM,0KS6RBhUH4SxeW1jJZ36uc
2025-06-03 01:59:59 PM,2UPOgs3Uj61w2ndubeH_9H
2025-06-03 01:59:59 PM,0wuJ86xKTA$9ub$6Zosl$u
2025-06-03 01:59:59 PM,2eLUakEg54Efji1r32q0Xp
2025-06-03 01:59:59 PM,0wuJ86xKTA$9ub$6Zosl$l
2025-06-03 01:59:59 PM,2UPOgs3Uj61w2ndubeHvOn
2025-06-03 01:59:59 PM,1F7BFEdI95nPaBGnHPuppF
2025-06-03 01:59:59 PM,0wuJ86xKTA$9ub$6ZoslZ3
2025-06-03 01:59:59 PM,0wuJ86xKTA$9ub$6Zoslc_
2025-06-03 01:59:59 PM,0tnM2_uaD3iw6LJHhjDnDT
2025-06-03 01:59:59 PM,0xOKzW__93D9BFSz5N9OLG
2025-06-03 01:59:59 PM,2eLUakEg54Efji1r32q0ZK
2025-06-03 01:59:59 PM,36uAOfifT9au$P1pYcXc_$
2025-06-03 01:59:59 PM,0wuJ86xKTA$9ub$6Zosl5d
2025-06-03 01:59:59 PM,32ZYKxYt52PxKL2e230RzM
2025-06-03 01:59:59 PM,1F7BFEdI95nPaBGnHPupdm
2025-06-03 01:59:59 PM,2UPOgs3Uj61w2ndubeHvRN
2025-06-03 01:59:59 PM,1Ca_Gfu2D46O0qcvMK7tM4
2025-06-03 01:59:59 PM,0wuJ86xKTA$9ub$6ZoslXX
2025-06-03 01:59:59 PM,2UPOgs3Uj61w2ndubeHvSi
2025-06-03 01:59:59 PM,1veI_kva16Ff_tFQcwnNl_
2025-06-03 01:59:59 PM,0xnlAEjfnCMwUgwJGrVJ5y
2025-06-03 01:59:59 PM,0xOKzW__93D9BFSz5N9Pow
2025-06-03 01:59:59 PM,2UPOgs3Uj61w2ndubeHvVE
2025-06-03 01:59:59 PM,0Ac9HEP550eBdikK0kv8Jz
2025-06-03 01:59:59 PM,2UPOgs3Uj61w2ndubeHvK7
2025-06-03 01:59:59 PM,0wuJ86xKTA$9ub$6Zoslxh
2025-06-21 01:35:59 PM,1gbVyw1nXDVAxDh4m6oG1o
2025-06-21 01:35:59 PM,1gbVyw1nXDVAxDh4m6oG1m
2025-06-21 01:35:59 PM,1gbVyw1nXDVAxDh4m6oG1n
2025-06-21 01:35:59 PM,1gbVyw1nXDVAxDh4m6oG1p
2025-07-11 03:59:59 PM,06cvYXW9HCJwM$o7fd8QAn
2025-07-11 03:59:59 PM,2zf2fdFnXAp8hQLTnpYY82
2025-07-11 03:59:59 PM,2zf2fdFnXAp8hQLTnpYbpq
2025-07-11 03:59:59 PM,06cvYXW9HCJwM$o7fd8Q0k
2025-07-11 03:59:59 PM,2zf2fdFnXAp8hQLTnpYYF6
2025-07-11 03:59:59 PM,2zf2fdFnXAp8hQLTnpYYBu
2025-07-11 03:59:59 PM,2bnpS7dhP9_8BYZv6b8Alt
2025-07-11 03:59:59 PM,06cvYXW9HCJwM$o7fd8QvO
2025-07-11 03:59:59 PM,06cvYXW9HCJwM$o7fd8Q4X
2025-07-11 03:59:59 PM,06cvYXW9HCJwM$o7fd8Q2K
2025-07-11 03:59:59 PM,06cvYXW9HCJwM$o7fd8Q60
2025-07-11 03:59:59 PM,06cvYXW9HCJwM$o7fd8Q4T
2025-07-11 03:59:59 PM,2bnpS7dhP9_8BYZv6b8AlX
2025-07-11 03:59:59 PM,06cvYXW9HCJwM$o7fd8Q$E
2025-07-11 03:59:59 PM,06cvYXW9HCJwM$o7fd8Q0A
2025-07-11 03:59:59 PM,06cvYXW9HCJwM$o7fd8Q75
2025-07-11 03:59:59 PM,1gbVyw1nXDVAxDh4m6oH$J
2025-07-11 03:59:59 PM,06cvYXW9HCJwM$o7fd8QAj
2025-07-11 03:59:59 PM,06cvYXW9HCJwM$o7fd8Qz7
2025-07-11 03:59:59 PM,2zf2fdFnXAp8hQLTnpYYAz
2025-07-11 03:59:59 PM,02M6EIbI9Fifg_G8oYzw98
2025-07-11 03:59:59 PM,2zf2fdFnXAp8hQLTnpYYBs
2025-07-11 03:59:59 PM,2zf2fdFnXAp8hQLTnpYYAl
2025-07-11 03:59:59 PM,06cvYXW9HCJwM$o7fd8Q5v
2025-07-11 03:59:59 PM,06cvYXW9HCJwM$o7fd8QBd
2025-07-11 03:59:59 PM,2zf2fdFnXAp8hQLTnpYYE7
2025-07-11 03:59:59 PM,2zf2fdFnXAp8hQLTnpYYAH
2025-07-11 03:59:59 PM,2zf2fdFnXAp8hQLTnpYYCQ
2025-07-11 03:59:59 PM,06cvYXW9HCJwM$o7fd8Qyg
2025-07-11 03:59:59 PM,1gbVyw1nXDVAxDh4m6oH$l
2025-07-11 03:59:59 PM,06cvYXW9HCJwM$o7fd8Q0m
2025-07-11 03:59:59 PM,2zf2fdFnXAp8hQLTnpYYF8
2025-07-11 03:59:59 PM,2zf2fdFnXAp8hQLTnpYYC_
2025-07-11 03:59:59 PM,2bnpS7dhP9_8BYZv6b8AlQ
2025-07-11 03:59:59 PM,06cvYXW9HCJwM$o7fd8Qzh
2025-07-11 03:59:59 PM,06cvYXW9HCJwM$o7fd8Q9t
2025-07-11 03:59:59 PM,2zf2fdFnXAp8hQLTnpYY9f
2025-07-11 03:59:59 PM,2zf2fdFnXAp8hQLTnpYYAe
2025-07-11 03:59:59 PM,2zf2fdFnXAp8hQLTnpYY9d
2025-07-11 03:59:59 PM,06cvYXW9HCJwM$o7fd8Q9O
2025-07-11 03:59:59 PM,2zf2fdFnXAp8hQLTnpYYB7
2025-07-11 03:59:59 PM,2zf2fdFnXAp8hQLTnpYbpQ
2025-07-11 03:59:59 PM,2bnpS7dhP9_8BYZv6b8Ale
2025-07-11 03:59:59 PM,2zf2fdFnXAp8hQLTnpYYB0
2025-07-11 03:59:59 PM,06cvYXW9HCJwM$o7fd8Q1c
2025-07-11 03:59:59 PM,2Lx0H6BQb2uOiU_uqrsPN_
2025-07-11 03:59:59 PM,2zf2fdFnXAp8hQLTnpYY92
2025-07-11 03:59:59 PM,1gbVyw1nXDVAxDh4m6oH_E
2025-07-11 03:59:59 PM,2zf2fdFnXAp8hQLTnpYYB$
2025-07-11 03:59:59 PM,06cvYXW9HCJwM$o7fd8Q7f
2025-07-11 03:59:59 PM,06cvYXW9HCJwM$o7fd8QEq
2025-07-11 03:59:59 PM,2zf2fdFnXAp8hQLTnpYY8G
2025-07-11 03:59:59 PM,1gbVyw1nXDVAxDh4m6oH$b
2025-07-11 03:59:59 PM,2zf2fdFnXAp8hQLTnpYY9I
2025-07-11 03:59:59 PM,2zf2fdFnXAp8hQLTnpYYBX
2025-07-11 03:59:59 PM,06cvYXW9HCJwM$o7fd8Q8$
2025-07-11 03:59:59 PM,2zf2fdFnXAp8hQLTnpYY9W
2025-07-11 03:59:59 PM,2zf2fdFnXAp8hQLTnpYYAQ
2025-07-11 03:59:59 PM,06cvYXW9HCJwM$o7fd8Q12
2025-07-11 03:59:59 PM,06cvYXW9HCJwM$o7fd8QB5
2025-07-11 03:59:59 PM,2zf2fdFnXAp8hQLTnpYY8k
2025-07-11 03:59:59 PM,2zf2fdFnXAp8hQLTnpYYAq
2025-07-11 03:59:59 PM,3WVcY4SeX9TBECK_B5CqQL
2025-07-11 03:59:59 PM,06cvYXW9HCJwM$o7fd8Q8R
2025-07-11 03:59:59 PM,06cvYXW9HCJwM$o7fd8Q3K
2025-07-11 03:59:59 PM,2zf2fdFnXAp8hQLTnpYY9B
2025-07-11 03:59:59 PM,2zf2fdFnXAp8hQLTnpYY8P
2025-07-11 03:59:59 PM,2zf2fdFnXAp8hQLTnpYbpc
2025-07-11 03:59:59 PM,06cvYXW9HCJwM$o7fd8Qy6
2025-07-11 03:59:59 PM,06cvYXW9HCJwM$o7fd8Q5L
2025-07-11 03:59:59 PM,2zf2fdFnXAp8hQLTnpYY8N
2025-07-11 03:59:59 PM,2zf2fdFnXAp8hQLTnpYbpC
2025-07-11 03:59:59 PM,06cvYXW9HCJwM$o7fd8QAB
2025-07-11 03:59:59 PM,06cvYXW9HCJwM$o7fd8Q6W
2025-07-11 03:59:59 PM,2zf2fdFnXAp8hQLTnpYY8B
2025-07-11 03:59:59 PM,2zf2fdFnXAp8hQLTnpYYE9
2025-07-11 03:59:59 PM,2zf2fdFnXAp8hQLTnpYYEL
2025-07-11 03:59:59 PM,2zf2fdFnXAp8hQLTnpYbpe
2025-07-11 03:59:59 PM,06cvYXW9HCJwM$o7fd8Q3o
2025-07-20 05:00:00 PM,3M5O0BkJb1ZOxF_wlKkT$A
2025-07-20 05:00:00 PM,0$UqvqjZD9jQhrWxXXbHgR
2025-07-20 05:00:00 PM,1K_vYhQ8j2rfIeAk49dn3t
2025-07-20 05:00:00 PM,1K_vYhQ8j2rfIeAk49dnMJ
2025-07-20 05:00:00 PM,1K_vYhQ8j2rfIeAk49dnxZ
2025-07-20 05:00:00 PM,0$UqvqjZD9jQhrWxXXbHgQ
2025-07-20 05:00:00 PM,1K_vYhQ8j2rfIeAk49dn41
2025-07-20 05:00:00 PM,1K_vYhQ8j2rfIeAk49dn40
2025-07-20 05:00:00 PM,1K_vYhQ8j2rfIeAk49dnRs
2025-07-20 05:00:00 PM,1K_vYhQ8j2rfIeAk49dnPV
2025-07-20 05:00:00 PM,1K_vYhQ8j2rfIeAk49dnM2
2025-07-20 05:00:00 PM,1K_vYhQ8j2rfIeAk49dn6Q
2025-07-20 05:00:00 PM,1K_vYhQ8j2rfIeAk49dn42
2025-07-20 05:00:00 PM,1K_vYhQ8j2rfIeAk49dnMK
2025-07-20 05:00:00 PM,1K_vYhQ8j2rfIeAk49dn58
2025-07-20 05:00:00 PM,1K_vYhQ8j2rfIeAk49dnUr
2025-07-20 05:00:00 PM,1K_vYhQ8j2rfIeAk49dnSN
2025-07-20 05:00:00 PM,1K_vYhQ8j2rfIeAk49dnTC
2025-07-20 05:00:00 PM,1K_vYhQ8j2rfIeAk49dnVo
2025-07-20 05:00:00 PM,1K_vYhQ8j2rfIeAk49dn2l
2025-07-20 05:00:00 PM,1K_vYhQ8j2rfIeAk49dn12
2025-07-20 05:00:00 PM,1K_vYhQ8j2rfIeAk49dn5A
2025-07-20 05:00:00 PM,1K_vYhQ8j2rfIeAk49dnQQ
2025-07-20 05:00:00 PM,1K_vYhQ8j2rfIeAk49dnMI
2025-07-20 05:00:00 PM,1K_vYhQ8j2rfIeAk49dn7F
2025-07-20 05:00:00 PM,1K_vYhQ8j2rfIeAk49dnMz
2025-07-20 05:00:00 PM,1K_vYhQ8j2rfIeAk49dnMF
2025-07-20 05:00:00 PM,0DyY3FWBz2Ogco2UwUL6Wf
2025-07-20 05:00:00 PM,1K_vYhQ8j2rfIeAk49dn4F
2025-07-20 05:00:00 PM,1K_vYhQ8j2rfIeAk49dn7n
2025-07-20 05:00:00 PM,0$UqvqjZD9jQhrWxXXbGSC
2025-07-20 05:00:00 PM,1$LOu0HAT0RQbihMV7G4ct
2025-07-20 05:00:00 PM,0$UqvqjZD9jQhrWxXXbHgK
2025-07-20 05:00:00 PM,1K_vYhQ8j2rfIeAk49dnxa
2025-07-20 05:00:00 PM,1K_vYhQ8j2rfIeAk49dn6X
2025-07-20 05:00:00 PM,0$UqvqjZD9jQhrWxXXbGSD
2025-07-20 05:00:00 PM,1K_vYhQ8j2rfIeAk49dn9r
2025-07-20 05:00:00 PM,1K_vYhQ8j2rfIeAk49dn5d
2025-07-20 05:00:00 PM,1K_vYhQ8j2rfIeAk49dnMm
2025-07-20 05:00:00 PM,1K_vYhQ8j2rfIeAk49dn59
2025-07-20 05:00:00 PM,1K_vYhQ8j2rfIeAk49dn0p
2025-07-20 05:00:00 PM,1$LOu0HAT0RQbihMV7G4hy
2025-07-20 05:00:00 PM,0$UqvqjZD9jQhrWxXXbGSJ
2025-07-20 05:00:00 PM,1K_vYhQ8j2rfIeAk49dnM0
2025-07-20 05:00:00 PM,0$UqvqjZD9jQhrWxXXbHgL
2025-07-20 05:00:00 PM,1K_vYhQ8j2rfIeAk49dn9F
2025-07-20 05:00:00 PM,1K_vYhQ8j2rfIeAk49dn5N
2025-07-20 05:00:00 PM,1K_vYhQ8j2rfIeAk49dnO$
2025-07-20 05:00:00 PM,1K_vYhQ8j2rfIeAk49dnM_
2025-07-20 05:00:00 PM,2Wkt3IT4Nr$YJI$kMtfxa8
2025-07-20 05:00:00 PM,1K_vYhQ8j2rfIeAk49dnxY
2025-07-20 05:00:00 PM,1K_vYhQ8j2rfIeAk49dnMH
2025-07-20 05:00:00 PM,1K_vYhQ8j2rfIeAk49dnM$
2025-07-20 05:00:00 PM,1K_vYhQ8j2rfIeAk49dnR1
2025-07-20 05:00:00 PM,1K_vYhQ8j2rfIeAk49dn1r
2025-07-20 05:00:00 PM,1K_vYhQ8j2rfIeAk49dnM1
2025-07-20 05:00:00 PM,1K_vYhQ8j2rfIeAk49dnTo
2025-07-20 05:00:00 PM,0$UqvqjZD9jQhrWxXXbGSE
2025-07-20 05:00:00 PM,32LVCLKxb5NuwZFu4G8vJ$
2025-07-20 05:00:00 PM,0DyY3FWBz2Ogco2UwUL6WC
2025-07-21 05:00:00 PM,0cia4VseL1vxEz9J9NgkiH
2025-07-21 05:00:00 PM,1cXDxNQX7qvRCMsL8h71MD
2025-07-22 04:59:59 PM,33AZtmOMjISKH7VvO9Is8q
2025-07-22 04:59:59 PM,0w_GDeYhz6$9vOpALxL$my
2025-07-22 04:59:59 PM,3io2BPcr1DawS11u7nw90T
2025-07-22 04:59:59 PM,3I4LJ07AL5ghnAj1RddFwk
2025-07-22 04:59:59 PM,3io2BPcr1DawS11u7nw9Rg
2025-07-22 04:59:59 PM,0nu5f7H5v4bfZ6jj1CJIsU
2025-07-22 04:59:59 PM,3io2BPcr1DawS11u7nw9d8
2025-07-22 04:59:59 PM,1U$ckwQWYi8Htqknag5B5O
2025-07-22 04:59:59 PM,03sUYkUnLlgGdk9aCQqxUr
2025-07-22 04:59:59 PM,0w_GDeYhz6$9vOpALxL$mH
2025-07-22 04:59:59 PM,0nu5f7H5v4bfZ6jj1CJItC
2025-07-22 04:59:59 PM,0w_GDeYhz6$9vOpALxL$o4
2025-07-23 04:39:59 PM,2hWQ8vlFj8CRT3BgsrcHsM
2025-07-23 04:39:59 PM,3fUVgm5KX1kAAqlasDpMkX
2025-07-24 03:00:00 PM,3tDp_9tbTBw8ids$Uv4sxh
2025-07-24 03:00:00 PM,2hWQ8vlFj8CRT3BgsrcHWc
2025-07-24 03:00:00 PM,2hWQ8vlFj8CRT3BgsrcHYs
2025-07-27 03:19:59 PM,1Kv_akyeP9IPwdxMscxldz
2025-07-27 03:19:59 PM,1Kv_akyeP9IPwdxMscxlg4
2025-07-27 03:19:59 PM,2DwCpmmYf4CQFo0J0mTAVw
2025-07-28 05:00:00 PM,3n4JpZOVz93fc2baMXhLBX
2025-07-28 05:00:00 PM,35C9IaPc58HwqJofjUGdSb
2025-07-28 05:00:00 PM,27N25khL17Xxd_b$ITAxC_
2025-07-31 10:59:59 AM,1uDAY8mQ1nSUkx5VJS9h1Q
2025-07-31 10:59:59 AM,0s9CzrFPpuDPzNoZTIp0Zn
2025-07-31 10:59:59 AM,0$UqvqjZD9jQhrWxXXbHyN
2025-07-31 10:59:59 AM,32jWrxt0X4bgHrWSUTjkfS
2025-07-31 10:59:59 AM,3X5DcvRb$m8Gekd5IXzczu
2025-07-31 10:59:59 AM,32jWrxt0X4bgHrWSUTjkvP
2025-07-31 10:59:59 AM,0$UqvqjZD9jQhrWxXXbHr$
2025-07-31 10:59:59 AM,2m4cnK7DNnLOWimEKn5wjR
2025-07-31 10:59:59 AM,0$UqvqjZD9jQhrWxXXbHkp
2025-07-31 10:59:59 AM,32jWrxt0X4bgHrWSUTjkr0
2025-07-31 10:59:59 AM,32jWrxt0X4bgHrWSUTjky6
2025-07-31 10:59:59 AM,2Asu0McWkj573z3q8Snbro
2025-07-31 10:59:59 AM,32jWrxt0X4bgHrWSUTjksL
2025-07-31 10:59:59 AM,32jWrxt0X4bgHrWSUTjkgf
2025-07-31 10:59:59 AM,32jWrxt0X4bgHrWSUTjktf
2025-07-31 10:59:59 AM,0$UqvqjZD9jQhrWxXXbHya
2025-07-31 10:59:59 AM,3xxlsNCrP7TRoB1nEo9T5G
2025-07-31 10:59:59 AM,0$UqvqjZD9jQhrWxXXbHy5
2025-07-31 10:59:59 AM,32jWrxt0X4bgHrWSUTjk$P
2025-07-31 10:59:59 AM,3p5NNEI4njyPWame0bNjTc
2025-07-31 10:59:59 AM,0$UqvqjZD9jQhrWxXXbHrA
2025-07-31 10:59:59 AM,0$UqvqjZD9jQhrWxXXbHyv
2025-07-31 10:59:59 AM,0$UqvqjZD9jQhrWxXXbH$a
2025-07-31 10:59:59 AM,0$UqvqjZD9jQhrWxXXbHr9
2025-07-31 10:59:59 AM,32jWrxt0X4bgHrWSUTjkqG
2025-07-31 10:59:59 AM,32jWrxt0X4bgHrWSUTjkpY
2025-07-31 10:59:59 AM,0$UqvqjZD9jQhrWxXXbH_Z
2025-07-31 10:59:59 AM,3xxlsNCrP7TRoB1nEo9Swe
2025-07-31 10:59:59 AM,0$UqvqjZD9jQhrWxXXbHkE
2025-07-31 10:59:59 AM,32jWrxt0X4bgHrWSUTjkoL
2025-07-31 10:59:59 AM,32jWrxt0X4bgHrWSUTjkye
2025-07-31 10:59:59 AM,0$UqvqjZD9jQhrWxXXbH_k
2025-07-31 10:59:59 AM,0$UqvqjZD9jQhrWxXXbHfX
2025-07-31 10:59:59 AM,0$UqvqjZD9jQhrWxXXbHw1
2025-07-31 10:59:59 AM,32jWrxt0X4bgHrWSUTjkyt
2025-07-31 10:59:59 AM,0$UqvqjZD9jQhrWxXXbHrv
2025-07-31 10:59:59 AM,1ZbmME6mjDe87bCp$n485b
2025-07-31 10:59:59 AM,3xxlsNCrP7TRoB1nEo9T2a
2025-07-31 10:59:59 AM,32jWrxt0X4bgHrWSUTjkge
2025-07-31 10:59:59 AM,0$UqvqjZD9jQhrWxXXbHwy
2025-07-31 10:59:59 AM,0$UqvqjZD9jQhrWxXXbH_Y
2025-07-31 10:59:59 AM,0$UqvqjZD9jQhrWxXXbHu6
2025-07-31 10:59:59 AM,32jWrxt0X4bgHrWSUTjkh7
2025-07-31 10:59:59 AM,32jWrxt0X4bgHrWSUTjkyV
2025-07-31 10:59:59 AM,32jWrxt0X4bgHrWSUTjk2e
2025-07-31 10:59:59 AM,0$UqvqjZD9jQhrWxXXbHyB
2025-07-31 10:59:59 AM,32jWrxt0X4bgHrWSUTjk_h
2025-07-31 10:59:59 AM,0$UqvqjZD9jQhrWxXXbH$f
2025-07-31 10:59:59 AM,3xxlsNCrP7TRoB1nEo9Ssr
2025-07-31 10:59:59 AM,32jWrxt0X4bgHrWSUTjkma
2025-07-31 10:59:59 AM,0$UqvqjZD9jQhrWxXXbHyx
2025-07-31 10:59:59 AM,1ZbmME6mjDe87bCp$n48wm
2025-07-31 10:59:59 AM,0$UqvqjZD9jQhrWxXXbHu0
2025-07-31 10:59:59 AM,0$UqvqjZD9jQhrWxXXbHy4
2025-07-31 10:59:59 AM,32jWrxt0X4bgHrWSUTjknq
2025-07-31 10:59:59 AM,0$UqvqjZD9jQhrWxXXbH$S
2025-07-31 10:59:59 AM,32jWrxt0X4bgHrWSUTjkyf
2025-07-31 10:59:59 AM,32jWrxt0X4bgHrWSUTjkYg
2025-07-31 10:59:59 AM,0$UqvqjZD9jQhrWxXXbHxm
2025-07-31 10:59:59 AM,25SEcPctBip3Nt9p20Ox2d
2025-07-31 10:59:59 AM,32jWrxt0X4bgHrWSUTjkgv
2025-07-31 10:59:59 AM,32jWrxt0X4bgHrWSUTjkpx
2025-07-31 10:59:59 AM,0$UqvqjZD9jQhrWxXXbHu7
2025-07-31 10:59:59 AM,0$UqvqjZD9jQhrWxXXbHuV
2025-07-31 10:59:59 AM,32jWrxt0X4bgHrWSUTjkhK
2025-07-31 10:59:59 AM,0$UqvqjZD9jQhrWxXXbH$T
2025-07-31 10:59:59 AM,32jWrxt0X4bgHrWSUTjkjt
2025-07-31 10:59:59 AM,32jWrxt0X4bgHrWSUTjkgg
2025-07-31 10:59:59 AM,32jWrxt0X4bgHrWSUTjkeu
2025-07-31 10:59:59 AM,32jWrxt0X4bgHrWSUTjkhN
2025-07-31 10:59:59 AM,0$UqvqjZD9jQhrWxXXbHxt
2025-07-31 10:59:59 AM,0cia4VseL1vxEz9J9NgjHF
2025-07-31 10:59:59 AM,0$UqvqjZD9jQhrWxXXbHyb
2025-07-31 10:59:59 AM,0$UqvqjZD9jQhrWxXXbHfG
2025-07-31 10:59:59 AM,1INVbmKYKR$X3ahI_4HIZp
2025-07-31 10:59:59 AM,0$UqvqjZD9jQhrWxXXbHu5
2025-07-31 10:59:59 AM,3KDi$QExkyT1O$_vigH1Gp
2025-07-31 10:59:59 AM,32jWrxt0X4bgHrWSUTjk_K
2025-07-31 10:59:59 AM,1ZbmME6mjDe87bCp$n484G
2025-07-31 10:59:59 AM,32jWrxt0X4bgHrWSUTjkhM
2025-07-31 10:59:59 AM,3xxlsNCrP7TRoB1nEo9SuZ
2025-07-31 10:59:59 AM,32jWrxt0X4bgHrWSUTjkgh
2025-07-31 10:59:59 AM,32jWrxt0X4bgHrWSUTjkhX
2025-07-31 10:59:59 AM,32jWrxt0X4bgHrWSUTjk2g
2025-07-31 10:59:59 AM,3xxlsNCrP7TRoB1nEo9Syj
2025-07-31 10:59:59 AM,0$UqvqjZD9jQhrWxXXbHw3
2025-07-31 10:59:59 AM,0$UqvqjZD9jQhrWxXXbHyK
2025-07-31 10:59:59 AM,3xxlsNCrP7TRoB1nEo9T12
2025-07-31 10:59:59 AM,0$UqvqjZD9jQhrWxXXbHuO
2025-07-31 10:59:59 AM,0$UqvqjZD9jQhrWxXXbHr_
2025-07-31 10:59:59 AM,0$UqvqjZD9jQhrWxXXbHyL
2025-07-31 10:59:59 AM,0$UqvqjZD9jQhrWxXXbH$h
2025-07-31 10:59:59 AM,32jWrxt0X4bgHrWSUTjkhL
2025-07-31 10:59:59 AM,2ZyAoQOxfDxBZfRlvJwKLr
2025-07-31 10:59:59 AM,0$UqvqjZD9jQhrWxXXbHru
2025-07-31 10:59:59 AM,32jWrxt0X4bgHrWSUTjkfw
2025-07-31 10:59:59 AM,0$UqvqjZD9jQhrWxXXbHuT
2025-07-31 10:59:59 AM,1K_vYhQ8j2rfIeAk49dnLy
2025-07-31 10:59:59 AM,1K_vYhQ8j2rfIeAk49dnIV
2025-07-31 10:59:59 AM,0$UqvqjZD9jQhrWxXXbH_j
2025-07-31 10:59:59 AM,3xxlsNCrP7TRoB1nEo9Sko
2025-07-31 10:59:59 AM,32jWrxt0X4bgHrWSUTjkh6
2025-07-31 10:59:59 AM,0$UqvqjZD9jQhrWxXXbHr8
2025-07-31 10:59:59 AM,0$UqvqjZD9jQhrWxXXbH_l
2025-07-31 10:59:59 AM,2UPOgs3Uj61w2ndubeHzhC
2025-07-31 10:59:59 AM,32jWrxt0X4bgHrWSUTjkWy
2025-07-31 10:59:59 AM,0$UqvqjZD9jQhrWxXXbHxn
2025-07-31 10:59:59 AM,32jWrxt0X4bgHrWSUTjk2j
2025-07-31 10:59:59 AM,0$UqvqjZD9jQhrWxXXbHyh
2025-07-31 10:59:59 AM,0$UqvqjZD9jQhrWxXXbHyw
2025-07-31 10:59:59 AM,32jWrxt0X4bgHrWSUTjkgu
2025-07-31 10:59:59 AM,0$UqvqjZD9jQhrWxXXbHxo
2025-07-31 10:59:59 AM,0$UqvqjZD9jQhrWxXXbHek
2025-07-31 10:59:59 AM,32jWrxt0X4bgHrWSUTjkrQ
2025-07-31 10:59:59 AM,0$UqvqjZD9jQhrWxXXbHyM
2025-07-31 10:59:59 AM,0$UqvqjZD9jQhrWxXXbH_i
2025-07-31 10:59:59 AM,0$UqvqjZD9jQhrWxXXbHw2
2025-07-31 10:59:59 AM,3xxlsNCrP7TRoB1nEo9TBy
2025-07-31 10:59:59 AM,32jWrxt0X4bgHrWSUTjktL
2025-07-31 10:59:59 AM,32jWrxt0X4bgHrWSUTjkjR
2025-07-31 10:59:59 AM,1ZbmME6mjDe87bCp$n48vI
2025-07-31 10:59:59 AM,0$UqvqjZD9jQhrWxXXbH$g
2025-07-31 10:59:59 AM,2UPOgs3Uj61w2ndubeHzeV
2025-07-31 10:59:59 AM,0$UqvqjZD9jQhrWxXXbHuU
2025-07-31 10:59:59 AM,1K_vYhQ8j2rfIeAk49dnLk
2025-07-31 10:59:59 AM,0$UqvqjZD9jQhrWxXXbHyu
2025-07-31 10:59:59 AM,32jWrxt0X4bgHrWSUTjksg
2025-07-31 10:59:59 AM,0$UqvqjZD9jQhrWxXXbHyA
2025-07-31 10:59:59 AM,32jWrxt0X4bgHrWSUTjku0
2025-07-31 10:59:59 AM,0$UqvqjZD9jQhrWxXXbHyg
2025-07-31 10:59:59 AM,0$UqvqjZD9jQhrWxXXbHrB
2025-08-27 04:39:59 PM,1DdCIIJd13sgXiJWJyCvrM
2025-08-27 04:39:59 PM,16mYAqEkj8uecFJ29bs4L1
2025-08-27 04:39:59 PM,2zc4kyjOH5aA5G1E3siZcO
2025-08-27 04:39:59 PM,2zc4kyjOH5aA5G1E3siWRC
2025-08-27 04:39:59 PM,2zc4kyjOH5aA5G1E3siZWF
2025-08-27 04:39:59 PM,16mYAqEkj8uecFJ29bs4Qu
2025-08-27 04:39:59 PM,1I5iJNJ_9CIOswzbwawwc2
2025-08-27 04:39:59 PM,1h8HQNPQX4KQBxhBjdgfLI
2025-08-27 04:39:59 PM,3bytbLbsjCA8T6L_ihDBQN
2025-08-27 04:39:59 PM,2zc4kyjOH5aA5G1E3siW8d
2025-08-27 04:39:59 PM,1I5iJNJ_9CIOswzbwawwti
2025-08-27 04:39:59 PM,203$BrBKPC6gIO909iMVKA
2025-08-27 04:39:59 PM,1h8HQNPQX4KQBxhBjdgfMW
2025-08-27 04:39:59 PM,2vPrHrBtjBMQl$x8H4r5CW
2025-08-27 04:39:59 PM,2zc4kyjOH5aA5G1E3siWRt
2025-08-27 04:39:59 PM,1DdCIIJd13sgXiJWJyCvCN
2025-08-27 04:39:59 PM,1DdCIIJd13sgXiJWJyCvz3
2025-08-27 04:39:59 PM,3bytbLbsjCA8T6L_ihDBe7
2025-08-27 04:39:59 PM,3bytbLbsjCA8T6L_ihDBOm
2025-08-27 04:39:59 PM,16mYAqEkj8uecFJ29bs4UM
2025-08-27 04:39:59 PM,0ptt5vKsT6mfXWD3oLbLbZ
2025-08-27 04:39:59 PM,203$BrBKPC6gIO909iMVJb
2025-08-27 04:39:59 PM,1h8HQNPQX4KQBxhBjdgfL9
2025-08-27 04:39:59 PM,2L4tqq07HApxy6yg6vmvk_
2025-08-27 04:39:59 PM,3bytbLbsjCA8T6L_ihDBjw
2025-08-27 04:39:59 PM,203$BrBKPC6gIO909iMVSN
2025-08-27 04:39:59 PM,2zc4kyjOH5aA5G1E3siWGy
2025-08-27 04:39:59 PM,3bytbLbsjCA8T6L_ihDBkw
2025-08-27 04:39:59 PM,16mYAqEkj8uecFJ29bs4Lm
2025-08-27 04:39:59 PM,3bytbLbsjCA8T6L_ihDBOE
2025-08-27 04:39:59 PM,16mYAqEkj8uecFJ29bs4Vd
2025-08-27 04:39:59 PM,16mYAqEkj8uecFJ29bs4Vo
2025-08-27 04:39:59 PM,1LSsEisvz1yBY$RHUFj014
2025-08-27 04:39:59 PM,1DdCIIJd13sgXiJWJyCvnJ
2025-08-27 04:39:59 PM,1h8HQNPQX4KQBxhBjdgfLx
2025-08-27 04:39:59 PM,1DdCIIJd13sgXiJWJyCvvB
2025-08-27 04:39:59 PM,3bytbLbsjCA8T6L_ihDBHH
2025-08-27 04:39:59 PM,3bytbLbsjCA8T6L_ihDBID
2025-08-27 04:39:59 PM,1I5iJNJ_9CIOswzbwawwWr
2025-08-27 04:39:59 PM,1DdCIIJd13sgXiJWJyCvDt
2025-08-27 04:39:59 PM,3bytbLbsjCA8T6L_ihDBOn
2025-08-27 04:39:59 PM,3bytbLbsjCA8T6L_ihDBOF
2025-08-27 04:39:59 PM,2zc4kyjOH5aA5G1E3siWOW
2025-08-27 04:39:59 PM,1DdCIIJd13sgXiJWJyCvZl
2025-08-27 04:39:59 PM,0ptt5vKsT6mfXWD3oLbLgp
2025-08-27 04:39:59 PM,1I5iJNJ_9CIOswzbwawwp9
2025-08-27 04:39:59 PM,0MYvFH9xb46xq4xRaiRo$v
2025-08-27 04:39:59 PM,1DdCIIJd13sgXiJWJyCviP
2025-08-27 04:39:59 PM,3FNVTmKevF1PcjgOTSW$dP
2025-08-27 04:39:59 PM,16mYAqEkj8uecFJ29bs4U5
2025-10-11 05:00:00 PM,0muuQYBWH1uPULGsHuUxT2
2025-10-11 05:00:00 PM,0muuQYBWH1uPULGsHuUxGo
2025-10-11 05:00:00 PM,0muuQYBWH1uPULGsHuUxGe
2025-10-11 05:00:00 PM,1HN5DDj391JwjJzA2XjlvY
2025-10-11 05:00:00 PM,0muuQYBWH1uPULGsHuUxT3
2025-10-11 05:00:00 PM,0muuQYBWH1uPULGsHuUxGr
2025-10-11 05:00:00 PM,0muuQYBWH1uPULGsHuUxTy
2025-10-11 05:00:00 PM,1HN5DDj391JwjJzA2Xjlvk
2025-10-27 03:00:00 PM,02M6EIbI9Fifg_G8oYzwmg
2025-10-27 03:00:00 PM,2RYfNjR8D1TBkW_GrNVrVO
2025-10-27 03:00:00 PM,2RYfNjR8D1TBkW_GrNVrGg
2025-11-27 08:39:59 AM,3haI5J2XeJq$cieLuhw0Tu
2025-11-27 08:39:59 AM,0_VK3DxbP058XvMZgjq9Ng
2025-11-27 08:39:59 AM,3qtl$we6DCTwT7X7wddFrp
2026-01-22 12:00:00 PM,1LIfMN7Pj2TRypcN$lkkrS
2026-01-22 12:00:00 PM,3OjwfP7hn488NMoXiOBw4a
2026-01-22 12:00:00 PM,1LIfMN7Pj2TRypcN$lkkrP
2026-01-22 12:00:00 PM,32ZYKxYt52PxKL2e230QvV
2026-01-22 12:00:00 PM,2sRxa1xYPC$Ot9Yroh0EqH
2026-01-22 12:00:00 PM,2sRxa1xYPC$Ot9Yroh0Et$
2026-01-22 12:00:00 PM,1LrvSwg0XFLfN8kpD_irSa
2026-01-22 12:00:00 PM,32ZYKxYt52PxKL2e230Quz
2026-01-22 12:00:00 PM,3OjwfP7hn488NMoXiOBxNB
2026-01-22 12:00:00 PM,1mFZ2PAifEOh75fEPCtxsO
2026-01-22 12:00:00 PM,1LrvSwg0XFLfN8kpD_iqgr
2026-01-22 12:00:00 PM,37HCQOdFfF4BrDmx9j4hmB
2026-01-22 12:00:00 PM,1Kv_akyeP9IPwdxMscxlZK
2026-01-22 12:00:00 PM,1mFZ2PAifEOh75fEPCtxA0
2026-01-22 12:00:00 PM,3OjwfP7hn488NMoXiOBwqr
2026-01-22 12:00:00 PM,37HCQOdFfF4BrDmx9j4hmU
2026-01-22 12:00:00 PM,16vBSOFeH9TxpEgWMhpT4Y
2026-01-22 12:00:00 PM,32ZYKxYt52PxKL2e230QIq
2026-01-22 12:00:00 PM,32ZYKxYt52PxKL2e230QRn
2026-01-28 10:59:59 AM,0lGkmGgKD5yR33Adz0YvmC
2026-01-28 10:59:59 AM,1WvpUNarT8hRXvG_3m5T_P
2026-01-28 10:59:59 AM,0n8q8fK2P9sPs1_G8TCBmt
2026-01-28 10:59:59 AM,0WOHeI$ezAdwxmvA_sajYb
2026-01-28 10:59:59 AM,0n8q8fK2P9sPs1_GSTCBmt
2026-01-28 10:59:59 AM,1rB6Wdxlb2ngnmGF779OiK
2026-01-28 10:59:59 AM,0WOHeI$ezAdwxmv66sajYb
2026-01-28 10:59:59 AM,1WvpUNarT8hRXvG_3m5TnB
2026-01-28 10:59:59 AM,1WvpUNarT8hRXvG_3m5Tg5
2026-01-28 10:59:59 AM,37HCQOdFfF4BrDmx9j4hSZ
2026-01-28 10:59:59 AM,37HCQOdFfF4BrDmx9j4hIG
2026-01-28 10:59:59 AM,3$TrGYj8zFXR1T0XdK4qGJ
2026-01-28 10:59:59 AM,3$TrGYj8zFXR1T0XdK4qOC
2026-01-28 10:59:59 AM,1WvpUNarT8hRXvG_3m5T_Q
2026-01-28 10:59:59 AM,1WvpUNarT8hRXvG_3m5T_s
2026-01-28 10:59:59 AM,0n8q8fK2P9sPs1_G4TCBmt
2026-01-28 10:59:59 AM,0WOHeI$ezAdwxmv62sajYb
2026-01-28 10:59:59 AM,0n8q8fK2P9sPs1_GOTCBmt
2026-01-28 10:59:59 AM,3$TrGYj8zFXR1T0XdK4qRj
2026-01-28 10:59:59 AM,0WOHeI$ezAdwxmvAgsajYb
2026-01-28 10:59:59 AM,1WvpUNarT8hRXvG_3m5Tg4
2026-01-28 10:59:59 AM,0WOHeI$ezAdwxmvAosajYb
2026-01-28 10:59:59 AM,1WvpUNarT8hRXvG_3m5Thf
2026-01-28 10:59:59 AM,0n8q8fK2P9sPs1_G0TCBmt
2026-01-28 10:59:59 AM,0WOHeI$ezAdwxmvAssajYb
2026-01-28 10:59:59 AM,37HCQOdFfF4BrDmx9j4hSl
2026-01-28 10:59:59 AM,3J6F7Vq$P6_Oaby344DqgH
2026-01-28 10:59:59 AM,1WvpUNarT8hRXvG_3m5Tn6
2026-01-28 10:59:59 AM,1WvpUNarT8hRXvG_3m5T_f
2026-01-28 10:59:59 AM,1WvpUNarT8hRXvG_3m5T_g
2026-01-28 10:59:59 AM,1WvpUNarT8hRXvG_3m5T_t
2026-01-28 10:59:59 AM,1WvpUNarT8hRXvG_3m5The
2026-01-28 10:59:59 AM,1WvpUNarT8hRXvG_3m5ThX
2026-02-17 01:59:59 PM,37HCQOdFfF4BrDmx9j4hSW
2026-02-22 03:20:00 PM,1LrvSwg0XFLfN8kpD_iqgb
2026-02-22 03:20:00 PM,3OjwfP7hn488NMoXiOBw7T
2026-02-22 03:20:00 PM,3OjwfP7hn488NMoXiOBw7U
2026-02-22 03:20:00 PM,1LrvSwg0XFLfN8kpD_iqZ0
2026-02-22 03:20:00 PM,1LrvSwg0XFLfN8kpD_iqZJ
2026-02-22 03:20:00 PM,27cx9KgOn5TQ$MCPevrOrN
2026-02-22 03:20:00 PM,27cx9KgOn5TQ$MCPevrOrG
2026-02-22 03:20:00 PM,3D_UVuAi987ewdBKaQQ250
2026-02-22 03:20:00 PM,1LrvSwg0XFLfN8kpD_iqZG
2026-02-22 03:20:00 PM,24kNdxPZbCkwHyAGRhojUK
2026-02-22 03:20:00 PM,3OjwfP7hn488NMoXiOBwv1
2026-02-22 03:20:00 PM,3D_UVuAi987ewdBKaQQ252
2026-02-22 03:20:00 PM,1LrvSwg0XFLfN8kpD_iqgq
2026-02-22 03:20:00 PM,27cx9KgOn5TQ$MCPevrOsU
2026-02-22 03:20:00 PM,27cx9KgOn5TQ$MCPevrOsV
2026-02-22 03:20:00 PM,3OjwfP7hn488NMoXiOBwvC
2026-02-22 03:20:00 PM,24kNdxPZbCkwHyAGRhojUy
2026-02-22 03:20:00 PM,27cx9KgOn5TQ$MCPevrOrL
2026-02-22 03:20:00 PM,3OjwfP7hn488NMoXiOBw4v
2026-02-22 03:20:00 PM,1LrvSwg0XFLfN8kpD_iqfT
2026-02-22 03:20:00 PM,27cx9KgOn5TQ$MCPevrOrK
2026-02-22 03:20:00 PM,24kNdxPZbCkwHyAGRhojHj
2026-02-22 03:20:00 PM,1LrvSwg0XFLfN8kpD_iqgs
2026-02-22 03:20:00 PM,1LrvSwg0XFLfN8kpD_iqZD
2026-02-22 03:20:00 PM,1LrvSwg0XFLfN8kpD_iqZU
2026-02-22 03:20:00 PM,3OjwfP7hn488NMoXiOBwqs
2026-02-22 03:20:00 PM,1LrvSwg0XFLfN8kpD_iqZV
2026-02-22 03:20:00 PM,1JWw8W0BGvNDSm6XzMEQHw
2026-02-22 03:20:00 PM,3OjwfP7hn488NMoXiOBwt0
2026-02-22 03:20:00 PM,3OjwfP7hn488NMoXiOBwvE
2026-02-22 03:20:00 PM,3OjwfP7hn488NMoXiOBw4d
2026-02-22 03:20:00 PM,3OjwfP7hn488NMoXiOBw7S
2026-02-22 03:20:00 PM,1LrvSwg0XFLfN8kpD_iqZ5
2026-02-22 03:20:00 PM,1mFZ2PAifEOh75fEPCtxAV
2026-02-22 03:20:00 PM,3CC1kIE1LFn8$2BJbt8gnm
2026-02-22 03:20:00 PM,1LrvSwg0XFLfN8kpD_iqfS
2026-02-22 03:20:00 PM,27cx9KgOn5TQ$MCPevrOme
2026-02-22 03:20:00 PM,3D_UVuAi987ewdBKaQQ25F
2026-02-22 03:20:00 PM,3OjwfP7hn488NMoXiOBwqq
2026-02-22 03:20:00 PM,24kNdxPZbCkwHyAGRhojHk
2026-02-22 03:20:00 PM,3OjwfP7hn488NMoXiOBwt2
2026-02-22 03:20:00 PM,3OjwfP7hn488NMoXiOBwvD
2026-02-22 03:20:00 PM,1LrvSwg0XFLfN8kpD_iqZ2
2026-02-22 03:20:00 PM,1LrvSwg0XFLfN8kpD_iqgY
2026-02-22 03:20:00 PM,3D_UVuAi987ewdBKaQQ253
2026-02-22 03:20:00 PM,3OjwfP7hn488NMoXiOBw7J
2026-02-22 03:20:00 PM,3OjwfP7hn488NMoXiOBw7H
2026-02-22 03:20:00 PM,3OjwfP7hn488NMoXiOBw7I
2026-02-22 03:20:00 PM,1mFZ2PAifEOh75fEPCtxAT
2026-02-22 03:20:00 PM,1LrvSwg0XFLfN8kpD_iqfO
2026-02-22 03:20:00 PM,24kNdxPZbCkwHyAGRhojUx
2026-02-22 03:20:00 PM,1LrvSwg0XFLfN8kpD_iqfR
2026-02-22 03:20:00 PM,3OjwfP7hn488NMoXiOBwt1
2026-02-22 03:20:00 PM,27cx9KgOn5TQ$MCPevrOml
2026-02-22 03:20:00 PM,24kNdxPZbCkwHyAGRhojUL
2026-02-22 03:20:00 PM,3OjwfP7hn488NMoXiOBwt5
2026-04-17 12:00:00 PM,1dWyWPZp9DEQxjJukniEvw
2026-04-17 12:00:00 PM,1RngaFz793QhWAukCnC2tr
2026-04-17 12:00:00 PM,1dWyWPZp9DEQxjJukniEtV
2026-04-17 12:00:00 PM,1eqsC1vOPDJRfIMmKJQWLq
2026-04-17 12:00:00 PM,1eqsC1vOPDJRfIMmKJQWKP
2026-04-17 12:00:00 PM,3guR9Nitb9l9FuCQn7JJ19
2026-04-17 12:00:00 PM,13JqLmdfPAbx$mwvZI4OVy
2026-04-17 12:00:00 PM,1dWyWPZp9DEQxjJukniEDb
2026-04-17 12:00:00 PM,1RngaFz793QhWAukCnC2ts
2026-04-17 12:00:00 PM,1R5dB9$4r6sgGPzyFEjicp
2026-04-17 12:00:00 PM,1dWyWPZp9DEQxjJukniE8F
2026-04-17 12:00:00 PM,1dWyWPZp9DEQxjJukniE9y
2026-04-17 12:00:00 PM,1RngaFz793QhWAukCnC2tt
2026-04-17 12:00:00 PM,1dWyWPZp9DEQxjJukniEwy
2026-04-17 12:00:00 PM,1dWyWPZp9DEQxjJukniEkm
2026-04-17 12:00:00 PM,1dWyWPZp9DEQxjJukniE5f
2026-04-17 12:00:00 PM,1RngaFz793QhWAukCnC2tq
2026-04-28 06:00:00 PM,1HeghOlrLCAeF2RYuH3Wne
2026-04-28 06:00:00 PM,1HeghOlrLCAeF2RYuH3Wnh
2026-04-28 06:00:00 PM,1HeghOlrLCAeF2RYuH3Wng
2026-04-28 06:00:00 PM,1rB6Wdxlb2ngnmGF779OoN
2026-04-28 06:00:00 PM,2e5dRvT6z7S8WUiPxBkrbM
2026-04-28 06:00:00 PM,36WscHMBX3JgCaQ6kVUTlY
2026-04-28 06:00:00 PM,36WscHMBX3JgCaQ6kVUTlZ
2034-10-07 01:52:13 PM,3io2BPcr1DawS11u7nw90R
2034-10-07 01:52:13 PM,0w_GDeYhz6$9vOpALxL$m3
2034-10-07 01:52:13 PM,3I4LJ07AL5ghnAj1RddFw5
2034-10-07 01:52:13 PM,0w_GDeYhz6$9vOpALxL$mZ
2034-10-07 01:52:13 PM,0w_GDeYhz6$9vOpALxL$os
2034-10-07 01:52:13 PM,0nu5f7H5v4bfZ6jj1CJIsS
2034-10-07 01:52:13 PM,3io2BPcr1DawS11u7nw9d$
2034-10-07 01:52:13 PM,0nu5f7H5v4bfZ6jj1CJIt2
2034-10-07 01:52:13 PM,0e7VVYtFb5puhUjTJeYau2
2034-10-07 01:52:13 PM,3io2BPcr1DawS11u7nw9Re
2034-10-07 10:41:42 AM,0F4_wsPpH64Xv1K1c24J5Y
2034-10-07 10:41:42 AM,3tDp_9tbTBw8ids$Uv4mJz
2034-11-07 06:00:00 PM,0PkCWgs4nD9PKDgr1FlGQg
2034-11-07 06:00:00 PM,0xq_r0naY8gEN2ewTibpe9
2034-11-07 06:00:00 PM,1YnG_8vFvFxfpIiihxDY_R
2034-11-07 06:00:00 PM,1r4Xzqpob6Gv3dAB6WNGVL
2034-11-07 06:00:00 PM,3I48Gy$O14YhcUmiNhlmGP
2034-11-07 06:00:00 PM,1r4Xzqpob6Gv3dAB6WNG$v
2034-12-05 10:38:59 AM,3XZGR2uw5AZgAcPiXxdKY$
2034-12-05 10:38:59 AM,3XZGR2uw5AZgAcPiXxdKYW
2034-12-05 10:38:59 AM,1HeghOlrLCAeF2RYuH3WwM
2034-12-05 10:38:59 AM,1h8HQNPQX4KQBxhBjdgfRH
2034-12-05 10:38:59 AM,3XZGR2uw5AZgAcPiXxdKhw
2034-12-05 10:38:59 AM,1h8HQNPQX4KQBxhBjdgfSf
2034-12-05 10:38:59 AM,0L8s5Blx13XBHuKSTNH6pC
2034-12-05 10:38:59 AM,1h8HQNPQX4KQBxhBjdgfIl
2034-12-05 10:38:59 AM,1WvpUNarT8hRXvG_3m5SC8
2034-12-05 10:38:59 AM,1HeghOlrLCAeF2RYuH3X6K
2034-12-05 10:38:59 AM,1HeghOlrLCAeF2RYuH3X6L
2034-12-05 10:38:59 AM,3t8lyoJln4Gf9uAoyco08v
2034-12-05 10:38:59 AM,1HeghOlrLCAeF2RYuH3WwH
2034-12-05 10:38:59 AM,1Tmr5WMP94_9rEPif_YNj6
2034-12-05 10:38:59 AM,3XZGR2uw5AZgAcPiXxdKbL
2034-12-05 10:38:59 AM,1HeghOlrLCAeF2RYuH3X6N
2034-12-05 10:38:59 AM,1HeghOlrLCAeF2RYuH3WwG
2034-12-05 10:38:59 AM,1WvpUNarT8hRXvG_3m5SDf
2034-12-05 10:38:59 AM,1h8HQNPQX4KQBxhBjdgfRD
2034-12-05 10:38:59 AM,3t8lyoJln4Gf9uAoyco0By
2034-12-05 10:38:59 AM,1h8HQNPQX4KQBxhBjdgfS5
2034-12-05 10:38:59 AM,1WvpUNarT8hRXvG_3m5SC$
2034-12-06 10:52:13 AM,1h8HQNPQX4KQBxhBjdgfSg
2034-12-06 10:52:13 AM,1h8HQNPQX4KQBxhBjdgfIe
2034-12-06 10:52:13 AM,0uI$ZhXbv2Bw4RMweQ_iho
2034-12-06 10:52:13 AM,1WvpUNarT8hRXvG_3m5TXN
2034-12-06 10:52:13 AM,16vBSOFeH9TxpEgWMhpT92
2034-12-06 10:52:13 AM,1h8HQNPQX4KQBxhBjdgfS6
2034-12-06 10:52:13 AM,1WvpUNarT8hRXvG_3m5SPs
2034-12-06 10:52:13 AM,1WvpUNarT8hRXvG_3m5SRk
2034-12-06 10:52:13 AM,0uI$ZhXbv2Bw4RMweQ_iaX
2034-12-06 10:52:13 AM,0ptt5vKsT6mfXWD3oLbIV2
2034-12-06 10:52:13 AM,1h8HQNPQX4KQBxhBjdgfBH
2034-12-06 10:52:13 AM,0ptt5vKsT6mfXWD3oLbIVj
2034-12-06 10:52:13 AM,1WvpUNarT8hRXvG_3m5TYS
2034-12-06 10:52:13 AM,1WvpUNarT8hRXvG_3m5TsN
2034-12-06 10:52:13 AM,3XZGR2uw5AZgAcPiXxdKbN
2034-12-06 10:52:13 AM,27GOXw_iXFVw7pTmteeq3K
2034-12-06 10:52:13 AM,1h8HQNPQX4KQBxhBjdgfD_
2034-12-06 10:52:13 AM,3XZGR2uw5AZgAcPiXxdKYv
2034-12-06 10:52:13 AM,1h8HQNPQX4KQBxhBjdgfRI
2034-12-06 10:52:13 AM,0ptt5vKsT6mfXWD3oLbICg
2034-12-06 10:52:13 AM,1WvpUNarT8hRXvG_3m5SQ_
2034-12-06 10:52:13 AM,0ptt5vKsT6mfXWD3oLbITt
2034-12-06 10:52:13 AM,3XZGR2uw5AZgAcPiXxdKll
2034-12-06 10:52:13 AM,16vBSOFeH9TxpEgWMhpTBr
2034-12-06 10:52:13 AM,1h8HQNPQX4KQBxhBjdgfRE
2034-12-06 10:52:13 AM,2yGS9XOaT3ngTSEIbYjvTD
2034-12-06 10:52:13 AM,27GOXw_iXFVw7pTmteeq3L
2034-12-06 10:52:13 AM,3XZGR2uw5AZgAcPiXxdKYY
2034-12-06 10:52:13 AM,0ptt5vKsT6mfXWD3oLbIPQ
2034-12-06 10:52:13 AM,1WvpUNarT8hRXvG_3m5SQX
2034-12-06 10:52:13 AM,1WvpUNarT8hRXvG_3m5Tod
